date,store_id,channel,campaign_name,spend,impressions,clicks,leads
2025-11-01,1,Google Ads,Search - Used Cars,278.69,6518,125,8
2025-11-01,1,Meta Ads,Leads - Offers,165.21,6971,98,3
2025-11-01,1,TikTok,Leads - Shortform,109.19,9613,100,1
2025-11-01,1,Email,Seasonal Promo,35.95,1232,41,2
2025-11-01,2,Google Ads,Search - Brand,213.79,4954,145,8
2025-11-01,2,Meta Ads,Retargeting,146.22,10305,104,4
2025-11-01,2,TikTok,Awareness - Video,97.32,10692,69,1
2025-11-01,2,Email,Newsletter,40.35,1338,51,1
2025-11-01,3,Google Ads,Search - Brand,261.24,6145,205,11
2025-11-01,3,Meta Ads,Leads - SUVs,206.0,8640,170,5
2025-11-01,3,TikTok,Leads - Shortform,98.9,10754,144,3
2025-11-01,3,Email,Seasonal Promo,36.44,1550,59,3
2025-11-01,4,Google Ads,Search - Used Cars,132.01,3888,98,5
2025-11-01,4,Meta Ads,Leads - Offers,102.15,7860,123,6
2025-11-01,4,TikTok,Leads - Shortform,75.09,7838,88,1
2025-11-01,4,Email,Service Reminder,30.36,1128,33,0
2025-11-02,1,Google Ads,Search - Used Cars,182.94,6857,225,14
2025-11-02,1,Meta Ads,Leads - SUVs,212.81,8362,108,4
2025-11-02,1,TikTok,Leads - Shortform,142.23,9150,67,1
2025-11-02,1,Email,Newsletter,34.03,1721,35,1
2025-11-02,2,Google Ads,Search - Used Cars,259.24,7196,229,13
2025-11-02,2,Meta Ads,Retargeting,184.1,8577,158,8
2025-11-02,2,TikTok,Leads - Shortform,100.29,9896,97,2
2025-11-02,2,Email,Newsletter,32.21,1133,22,0
2025-11-02,3,Google Ads,Search - Brand,295.77,7884,156,7
2025-11-02,3,Meta Ads,Leads - SUVs,154.86,8568,104,4
2025-11-02,3,TikTok,Awareness - Video,97.55,11991,165,4
2025-11-02,3,Email,Service Reminder,37.24,1209,30,0
2025-11-02,4,Google Ads,Search - Service,159.27,5824,248,15
2025-11-02,4,Meta Ads,Leads - SUVs,164.92,8683,142,5
2025-11-02,4,TikTok,Leads - Shortform,103.01,7814,60,1
2025-11-02,4,Email,Seasonal Promo,30.44,925,36,2
2025-11-03,1,Google Ads,Search - Service,233.84,5087,159,9
2025-11-03,1,Meta Ads,Leads - Offers,180.84,8319,85,3
2025-11-03,1,TikTok,Leads - Shortform,98.85,12814,178,6
2025-11-03,1,Email,Service Reminder,31.2,1016,29,0
2025-11-03,2,Google Ads,Search - Brand,183.49,6184,244,10
2025-11-03,2,Meta Ads,Retargeting,116.79,7208,119,4
2025-11-03,2,TikTok,Awareness - Video,89.63,10025,67,2
2025-11-03,2,Email,Seasonal Promo,34.17,1113,48,2
2025-11-03,3,Google Ads,Search - Used Cars,244.35,5099,205,14
2025-11-03,3,Meta Ads,Retargeting,200.84,7005,102,3
2025-11-03,3,TikTok,Awareness - Video,107.35,13350,126,4
2025-11-03,3,Email,Newsletter,31.48,1139,34,1
2025-11-03,4,Google Ads,Search - Brand,180.85,4183,127,7
2025-11-03,4,Meta Ads,Retargeting,112.1,7820,109,4
2025-11-03,4,TikTok,Awareness - Video,89.03,8748,95,3
2025-11-03,4,Email,Newsletter,24.4,937,34,1
2025-11-04,1,Google Ads,Search - Brand,245.35,4618,118,4
2025-11-04,1,Meta Ads,Leads - Offers,180.96,10702,160,7
2025-11-04,1,TikTok,Leads - Shortform,100.5,10500,103,3
2025-11-04,1,Email,Seasonal Promo,40.5,1562,66,3
2025-11-04,2,Google Ads,Search - Used Cars,152.43,5544,126,5
2025-11-04,2,Meta Ads,Leads - Offers,175.24,6208,121,4
2025-11-04,2,TikTok,Leads - Shortform,80.82,11951,109,3
2025-11-04,2,Email,Seasonal Promo,42.63,978,27,1
2025-11-04,3,Google Ads,Search - Service,200.45,5926,202,12
2025-11-04,3,Meta Ads,Leads - SUVs,168.13,6611,139,8
2025-11-04,3,TikTok,Leads - Shortform,95.17,13358,99,3
2025-11-04,3,Email,Service Reminder,49.08,1486,64,2
2025-11-04,4,Google Ads,Search - Used Cars,120.95,3415,147,6
2025-11-04,4,Meta Ads,Retargeting,94.02,5430,88,2
2025-11-04,4,TikTok,Awareness - Video,69.97,7851,105,2
2025-11-04,4,Email,Newsletter,22.83,1070,46,2
2025-11-05,1,Google Ads,Search - Service,188.03,7357,209,11
2025-11-05,1,Meta Ads,Leads - Offers,202.11,6269,57,2
2025-11-05,1,TikTok,Awareness - Video,126.81,7956,99,2
2025-11-05,1,Email,Service Reminder,41.44,1589,70,2
2025-11-05,2,Google Ads,Search - Service,211.99,4555,213,18
2025-11-05,2,Meta Ads,Retargeting,165.77,6763,79,2
2025-11-05,2,TikTok,Leads - Shortform,99.81,10610,67,1
2025-11-05,2,Email,Service Reminder,35.99,1054,46,2
2025-11-05,3,Google Ads,Search - Used Cars,186.73,5379,166,7
2025-11-05,3,Meta Ads,Leads - Offers,169.49,6367,74,2
2025-11-05,3,TikTok,Awareness - Video,97.81,11715,78,3
2025-11-05,3,Email,Newsletter,45.6,1533,63,2
2025-11-05,4,Google Ads,Search - Service,163.13,3702,166,11
2025-11-05,4,Meta Ads,Retargeting,138.47,5027,83,3
2025-11-05,4,TikTok,Awareness - Video,61.02,5583,61,2
2025-11-05,4,Email,Service Reminder,34.97,1005,34,1
2025-11-06,1,Google Ads,Search - Brand,236.38,6436,208,12
2025-11-06,1,Meta Ads,Leads - Offers,183.64,8624,152,7
2025-11-06,1,TikTok,Awareness - Video,117.19,8654,103,4
2025-11-06,1,Email,Service Reminder,47.95,1035,43,1
2025-11-06,2,Google Ads,Search - Service,158.14,5000,190,9
2025-11-06,2,Meta Ads,Retargeting,121.96,7915,109,5
2025-11-06,2,TikTok,Awareness - Video,105.22,10611,88,2
2025-11-06,2,Email,Service Reminder,36.69,1386,62,2
2025-11-06,3,Google Ads,Search - Used Cars,214.92,7991,352,18
2025-11-06,3,Meta Ads,Leads - SUVs,161.0,11427,219,6
2025-11-06,3,TikTok,Awareness - Video,90.06,11129,151,3
2025-11-06,3,Email,Seasonal Promo,42.85,1672,60,1
2025-11-06,4,Google Ads,Search - Brand,190.39,5266,152,9
2025-11-06,4,Meta Ads,Leads - SUVs,111.45,5761,104,3
2025-11-06,4,TikTok,Leads - Shortform,90.89,5999,80,2
2025-11-06,4,Email,Seasonal Promo,27.04,918,24,1
2025-11-07,1,Google Ads,Search - Used Cars,249.09,5614,108,6
2025-11-07,1,Meta Ads,Retargeting,200.43,7491,83,3
2025-11-07,1,TikTok,Awareness - Video,120.26,12390,116,2
2025-11-07,1,Email,Seasonal Promo,39.09,1605,50,1
2025-11-07,2,Google Ads,Search - Service,217.62,6415,165,6
2025-11-07,2,Meta Ads,Retargeting,122.27,7916,95,3
2025-11-07,2,TikTok,Leads - Shortform,92.08,8145,80,2
2025-11-07,2,Email,Newsletter,31.32,1005,21,1
2025-11-07,3,Google Ads,Search - Used Cars,212.8,6940,170,7
2025-11-07,3,Meta Ads,Retargeting,136.63,7760,86,3
2025-11-07,3,TikTok,Awareness - Video,124.19,10462,97,2
2025-11-07,3,Email,Service Reminder,38.0,1584,47,2
2025-11-07,4,Google Ads,Search - Brand,124.55,5916,167,9
2025-11-07,4,Meta Ads,Leads - SUVs,149.26,7880,145,4
2025-11-07,4,TikTok,Awareness - Video,75.28,9057,112,4
2025-11-07,4,Email,Service Reminder,22.81,934,39,2
2025-11-08,1,Google Ads,Search - Brand,211.87,5943,262,11
2025-11-08,1,Meta Ads,Retargeting,210.41,12371,231,7
2025-11-08,1,TikTok,Awareness - Video,92.27,9530,100,1
2025-11-08,1,Email,Seasonal Promo,43.11,1251,28,1
2025-11-08,2,Google Ads,Search - Service,274.22,5589,139,8
2025-11-08,2,Meta Ads,Leads - Offers,131.84,8238,111,5
2025-11-08,2,TikTok,Awareness - Video,110.83,9436,75,2
2025-11-08,2,Email,Seasonal Promo,46.91,1088,22,1
2025-11-08,3,Google Ads,Search - Used Cars,311.03,6552,123,6
2025-11-08,3,Meta Ads,Leads - SUVs,185.77,10023,80,2
2025-11-08,3,TikTok,Awareness - Video,109.35,16440,139,5
2025-11-08,3,Email,Newsletter,49.01,1423,59,1
2025-11-08,4,Google Ads,Search - Used Cars,174.15,6102,266,11
2025-11-08,4,Meta Ads,Leads - SUVs,109.83,5406,81,3
2025-11-08,4,TikTok,Awareness - Video,76.5,8810,103,2
2025-11-08,4,Email,Newsletter,44.12,1412,35,0
2025-11-09,1,Google Ads,Search - Service,273.52,9039,403,21
2025-11-09,1,Meta Ads,Leads - Offers,143.67,8889,108,5
2025-11-09,1,TikTok,Awareness - Video,126.66,14199,128,4
2025-11-09,1,Email,Service Reminder,55.49,1501,24,0
2025-11-09,2,Google Ads,Search - Used Cars,251.07,6753,236,11
2025-11-09,2,Meta Ads,Retargeting,197.84,6774,57,1
2025-11-09,2,TikTok,Awareness - Video,98.59,12887,169,4
2025-11-09,2,Email,Service Reminder,40.04,1760,28,1
2025-11-09,3,Google Ads,Search - Service,289.29,9796,344,23
2025-11-09,3,Meta Ads,Leads - Offers,232.02,8169,135,5
2025-11-09,3,TikTok,Leads - Shortform,146.84,16007,200,4
2025-11-09,3,Email,Service Reminder,41.97,1883,69,3
2025-11-09,4,Google Ads,Search - Used Cars,178.13,6497,221,12
2025-11-09,4,Meta Ads,Leads - SUVs,159.18,6422,56,1
2025-11-09,4,TikTok,Leads - Shortform,75.43,8684,59,1
2025-11-09,4,Email,Seasonal Promo,27.98,906,27,1
2025-11-10,1,Google Ads,Search - Service,253.01,5437,176,11
2025-11-10,1,Meta Ads,Leads - Offers,187.61,7726,87,3
2025-11-10,1,TikTok,Leads - Shortform,118.4,8670,69,1
2025-11-10,1,Email,Newsletter,36.65,1627,33,0
2025-11-10,2,Google Ads,Search - Service,223.01,6446,288,12
2025-11-10,2,Meta Ads,Leads - SUVs,179.04,6751,90,3
2025-11-10,2,TikTok,Leads - Shortform,83.7,7054,76,2
2025-11-10,2,Email,Newsletter,45.65,1141,46,1
2025-11-10,3,Google Ads,Search - Brand,235.99,7595,208,8
2025-11-10,3,Meta Ads,Leads - SUVs,140.95,7566,83,3
2025-11-10,3,TikTok,Awareness - Video,127.78,13152,121,3
2025-11-10,3,Email,Seasonal Promo,38.9,1180,45,1
2025-11-10,4,Google Ads,Search - Service,129.39,4876,173,8
2025-11-10,4,Meta Ads,Leads - SUVs,116.16,5669,66,3
2025-11-10,4,TikTok,Leads - Shortform,87.8,9620,89,1
2025-11-10,4,Email,Service Reminder,32.61,933,25,1
2025-11-11,1,Google Ads,Search - Brand,200.41,7900,240,10
2025-11-11,1,Meta Ads,Leads - Offers,126.89,6882,121,4
2025-11-11,1,TikTok,Leads - Shortform,117.61,8442,74,1
2025-11-11,1,Email,Newsletter,49.59,1057,31,1
2025-11-11,2,Google Ads,Search - Brand,237.64,5805,112,7
2025-11-11,2,Meta Ads,Leads - SUVs,118.44,9018,146,7
2025-11-11,2,TikTok,Awareness - Video,101.81,10260,77,2
2025-11-11,2,Email,Seasonal Promo,32.07,1151,35,1
2025-11-11,3,Google Ads,Search - Brand,169.07,6955,267,10
2025-11-11,3,Meta Ads,Leads - SUVs,138.04,9688,141,6
2025-11-11,3,TikTok,Leads - Shortform,117.88,9708,77,2
2025-11-11,3,Email,Service Reminder,41.53,1344,21,0
2025-11-11,4,Google Ads,Search - Used Cars,181.57,5633,162,6
2025-11-11,4,Meta Ads,Leads - SUVs,116.69,4889,65,2
2025-11-11,4,TikTok,Awareness - Video,59.86,6047,80,1
2025-11-11,4,Email,Seasonal Promo,30.39,753,22,0
2025-11-12,1,Google Ads,Search - Service,232.52,7569,175,12
2025-11-12,1,Meta Ads,Leads - SUVs,144.86,10300,180,8
2025-11-12,1,TikTok,Awareness - Video,81.54,9485,114,2
2025-11-12,1,Email,Seasonal Promo,35.95,1538,29,1
2025-11-12,2,Google Ads,Search - Service,165.25,5366,125,6
2025-11-12,2,Meta Ads,Retargeting,180.24,8780,164,5
2025-11-12,2,TikTok,Leads - Shortform,76.81,9686,107,2
2025-11-12,2,Email,Service Reminder,38.01,1255,52,1
2025-11-12,3,Google Ads,Search - Used Cars,191.83,8597,288,14
2025-11-12,3,Meta Ads,Leads - Offers,164.21,7301,123,3
2025-11-12,3,TikTok,Leads - Shortform,98.38,13908,180,6
2025-11-12,3,Email,Service Reminder,47.2,1555,33,1
2025-11-12,4,Google Ads,Search - Brand,125.66,3935,140,5
2025-11-12,4,Meta Ads,Leads - Offers,123.79,5660,80,3
2025-11-12,4,TikTok,Leads - Shortform,80.21,8111,61,1
2025-11-12,4,Email,Service Reminder,24.83,725,28,1
2025-11-13,1,Google Ads,Search - Service,234.94,5921,148,5
2025-11-13,1,Meta Ads,Retargeting,185.84,10600,160,7
2025-11-13,1,TikTok,Leads - Shortform,90.0,12787,81,2
2025-11-13,1,Email,Service Reminder,33.74,1070,45,1
2025-11-13,2,Google Ads,Search - Used Cars,159.75,6116,193,11
2025-11-13,2,Meta Ads,Retargeting,122.43,6937,80,2
2025-11-13,2,TikTok,Leads - Shortform,104.12,6615,84,2
2025-11-13,2,Email,Service Reminder,28.89,1288,26,1
2025-11-13,3,Google Ads,Search - Service,260.52,8309,208,8
2025-11-13,3,Meta Ads,Retargeting,171.6,8608,150,6
2025-11-13,3,TikTok,Leads - Shortform,96.45,13504,177,3
2025-11-13,3,Email,Seasonal Promo,31.65,1189,26,1
2025-11-13,4,Google Ads,Search - Used Cars,139.14,3922,166,9
2025-11-13,4,Meta Ads,Retargeting,146.87,7640,110,4
2025-11-13,4,TikTok,Awareness - Video,89.69,7322,86,2
2025-11-13,4,Email,Service Reminder,33.87,908,29,1
2025-11-14,1,Google Ads,Search - Service,246.6,5626,122,4
2025-11-14,1,Meta Ads,Leads - Offers,129.37,9189,78,2
2025-11-14,1,TikTok,Awareness - Video,79.48,10703,95,3
2025-11-14,1,Email,Seasonal Promo,47.21,992,40,2
2025-11-14,2,Google Ads,Search - Brand,142.18,7191,306,19
2025-11-14,2,Meta Ads,Leads - Offers,167.63,8334,95,3
2025-11-14,2,TikTok,Awareness - Video,106.23,10083,84,2
2025-11-14,2,Email,Service Reminder,27.41,1023,24,1
2025-11-14,3,Google Ads,Search - Service,209.34,5649,215,13
2025-11-14,3,Meta Ads,Leads - Offers,159.56,10274,124,5
2025-11-14,3,TikTok,Awareness - Video,117.29,12677,134,3
2025-11-14,3,Email,Service Reminder,30.93,1131,42,2
2025-11-14,4,Google Ads,Search - Brand,185.13,4840,212,11
2025-11-14,4,Meta Ads,Retargeting,142.63,5441,57,2
2025-11-14,4,TikTok,Leads - Shortform,62.5,9479,115,3
2025-11-14,4,Email,Seasonal Promo,30.08,752,18,0
2025-11-15,1,Google Ads,Search - Used Cars,276.45,5058,119,5
2025-11-15,1,Meta Ads,Retargeting,180.15,8946,166,5
2025-11-15,1,TikTok,Leads - Shortform,94.15,12227,140,4
2025-11-15,1,Email,Newsletter,41.6,1332,26,1
2025-11-15,2,Google Ads,Search - Used Cars,231.34,5517,133,6
2025-11-15,2,Meta Ads,Retargeting,196.04,7421,76,2
2025-11-15,2,TikTok,Awareness - Video,117.48,13578,160,5
2025-11-15,2,Email,Service Reminder,34.13,1217,25,1
2025-11-15,3,Google Ads,Search - Brand,204.77,5835,128,6
2025-11-15,3,Meta Ads,Leads - SUVs,181.76,8230,128,4
2025-11-15,3,TikTok,Awareness - Video,144.04,11816,72,2
2025-11-15,3,Email,Service Reminder,51.51,1530,51,1
2025-11-15,4,Google Ads,Search - Service,149.05,6334,233,13
2025-11-15,4,Meta Ads,Retargeting,127.83,5968,99,5
2025-11-15,4,TikTok,Awareness - Video,93.23,9281,89,2
2025-11-15,4,Email,Seasonal Promo,36.61,1308,29,1
2025-11-16,1,Google Ads,Search - Used Cars,222.6,7464,216,13
2025-11-16,1,Meta Ads,Leads - Offers,212.03,8508,69,3
2025-11-16,1,TikTok,Awareness - Video,87.56,11681,85,2
2025-11-16,1,Email,Newsletter,44.7,1139,36,1
2025-11-16,2,Google Ads,Search - Used Cars,210.15,6010,262,12
2025-11-16,2,Meta Ads,Retargeting,136.14,8734,167,8
2025-11-16,2,TikTok,Leads - Shortform,111.1,8851,80,1
2025-11-16,2,Email,Newsletter,38.78,1261,45,1
2025-11-16,3,Google Ads,Search - Service,293.61,9412,413,22
2025-11-16,3,Meta Ads,Leads - Offers,150.55,11543,204,9
2025-11-16,3,TikTok,Leads - Shortform,127.25,13453,168,3
2025-11-16,3,Email,Seasonal Promo,49.41,1757,69,2
2025-11-16,4,Google Ads,Search - Used Cars,156.08,6224,156,8
2025-11-16,4,Meta Ads,Leads - SUVs,162.51,7764,106,5
2025-11-16,4,TikTok,Leads - Shortform,78.17,9194,78,2
2025-11-16,4,Email,Seasonal Promo,34.97,1155,29,1
2025-11-17,1,Google Ads,Search - Used Cars,220.84,4633,187,11
2025-11-17,1,Meta Ads,Leads - Offers,162.24,6654,58,2
2025-11-17,1,TikTok,Awareness - Video,100.48,11723,87,2
2025-11-17,1,Email,Newsletter,32.12,1161,36,1
2025-11-17,2,Google Ads,Search - Service,202.0,6491,151,9
2025-11-17,2,Meta Ads,Retargeting,108.39,8854,142,4
2025-11-17,2,TikTok,Awareness - Video,77.89,7420,52,1
2025-11-17,2,Email,Newsletter,34.06,1356,48,1
2025-11-17,3,Google Ads,Search - Brand,236.17,6047,200,11
2025-11-17,3,Meta Ads,Leads - SUVs,147.13,7998,156,4
2025-11-17,3,TikTok,Leads - Shortform,107.76,7235,78,2
2025-11-17,3,Email,Service Reminder,45.29,1004,29,1
2025-11-17,4,Google Ads,Search - Brand,131.4,5315,148,8
2025-11-17,4,Meta Ads,Retargeting,114.18,7428,84,3
2025-11-17,4,TikTok,Leads - Shortform,73.4,8547,71,2
2025-11-17,4,Email,Service Reminder,25.48,1135,46,1
2025-11-18,1,Google Ads,Search - Brand,172.85,5112,172,10
2025-11-18,1,Meta Ads,Leads - Offers,140.49,8185,105,4
2025-11-18,1,TikTok,Leads - Shortform,85.63,6694,50,1
2025-11-18,1,Email,Seasonal Promo,41.91,925,27,1
2025-11-18,2,Google Ads,Search - Service,182.07,5884,139,8
2025-11-18,2,Meta Ads,Leads - SUVs,143.57,5821,92,4
2025-11-18,2,TikTok,Leads - Shortform,98.78,10843,121,3
2025-11-18,2,Email,Newsletter,38.62,1136,25,0
2025-11-18,3,Google Ads,Search - Service,206.29,7572,238,13
2025-11-18,3,Meta Ads,Leads - Offers,175.54,7880,128,5
2025-11-18,3,TikTok,Awareness - Video,75.15,9254,99,3
2025-11-18,3,Email,Newsletter,38.13,1199,21,0
2025-11-18,4,Google Ads,Search - Brand,106.12,4733,211,13
2025-11-18,4,Meta Ads,Leads - Offers,129.58,4554,37,1
2025-11-18,4,TikTok,Awareness - Video,68.58,8061,107,2
2025-11-18,4,Email,Seasonal Promo,30.26,1057,38,0
2025-11-19,1,Google Ads,Search - Used Cars,226.15,4189,79,3
2025-11-19,1,Meta Ads,Retargeting,159.36,8362,105,3
2025-11-19,1,TikTok,Awareness - Video,115.15,11253,122,3
2025-11-19,1,Email,Seasonal Promo,40.59,1168,23,1
2025-11-19,2,Google Ads,Search - Used Cars,169.14,6100,184,8
2025-11-19,2,Meta Ads,Retargeting,122.03,6187,95,4
2025-11-19,2,TikTok,Leads - Shortform,101.36,9713,59,1
2025-11-19,2,Email,Service Reminder,34.68,1355,30,1
2025-11-19,3,Google Ads,Search - Used Cars,174.36,4188,105,5
2025-11-19,3,Meta Ads,Retargeting,184.08,9435,164,6
2025-11-19,3,TikTok,Awareness - Video,113.02,11931,126,3
2025-11-19,3,Email,Seasonal Promo,41.53,1508,38,0
2025-11-19,4,Google Ads,Search - Service,168.42,3556,122,7
2025-11-19,4,Meta Ads,Leads - SUVs,118.96,7246,108,3
2025-11-19,4,TikTok,Leads - Shortform,67.86,5212,64,2
2025-11-19,4,Email,Newsletter,25.56,886,20,1
2025-11-20,1,Google Ads,Search - Brand,156.5,4568,168,8
2025-11-20,1,Meta Ads,Retargeting,133.71,8999,164,5
2025-11-20,1,TikTok,Leads - Shortform,86.66,7062,78,2
2025-11-20,1,Email,Newsletter,32.65,881,20,0
2025-11-20,2,Google Ads,Search - Service,167.72,5368,134,8
2025-11-20,2,Meta Ads,Leads - SUVs,104.89,6812,102,4
2025-11-20,2,TikTok,Awareness - Video,74.05,6102,46,1
2025-11-20,2,Email,Newsletter,25.08,807,21,1
2025-11-20,3,Google Ads,Search - Service,206.5,7390,273,11
2025-11-20,3,Meta Ads,Leads - SUVs,154.95,8720,169,7
2025-11-20,3,TikTok,Leads - Shortform,81.19,11674,104,2
2025-11-20,3,Email,Seasonal Promo,32.31,925,20,0
2025-11-20,4,Google Ads,Search - Brand,120.16,4210,159,9
2025-11-20,4,Meta Ads,Leads - SUVs,82.71,4482,76,4
2025-11-20,4,TikTok,Leads - Shortform,71.42,6594,73,2
2025-11-20,4,Email,Service Reminder,23.35,694,20,0
2025-11-21,1,Google Ads,Search - Brand,180.09,6976,276,12
2025-11-21,1,Meta Ads,Leads - Offers,112.3,8168,101,4
2025-11-21,1,TikTok,Leads - Shortform,112.47,11490,104,1
2025-11-21,1,Email,Newsletter,34.74,1061,42,1
2025-11-21,2,Google Ads,Search - Brand,140.39,4957,208,11
2025-11-21,2,Meta Ads,Leads - Offers,114.79,6594,65,2
2025-11-21,2,TikTok,Leads - Shortform,76.64,6690,66,1
2025-11-21,2,Email,Service Reminder,26.23,1324,22,1
2025-11-21,3,Google Ads,Search - Used Cars,154.62,6727,297,15
2025-11-21,3,Meta Ads,Leads - SUVs,185.54,9987,91,3
2025-11-21,3,TikTok,Awareness - Video,74.36,10846,90,3
2025-11-21,3,Email,Newsletter,36.06,1214,36,1
2025-11-21,4,Google Ads,Search - Used Cars,130.9,5155,123,7
2025-11-21,4,Meta Ads,Leads - Offers,123.28,5709,61,2
2025-11-21,4,TikTok,Awareness - Video,78.77,8344,98,3
2025-11-21,4,Email,Newsletter,22.44,907,32,1
2025-11-22,1,Google Ads,Search - Service,212.43,7743,330,18
2025-11-22,1,Meta Ads,Leads - SUVs,150.14,10563,194,8
2025-11-22,1,TikTok,Awareness - Video,100.43,12178,86,2
2025-11-22,1,Email,Newsletter,34.49,1564,40,1
2025-11-22,2,Google Ads,Search - Service,233.58,7519,149,7
2025-11-22,2,Meta Ads,Leads - Offers,173.04,9758,115,5
2025-11-22,2,TikTok,Leads - Shortform,99.71,11897,99,2
2025-11-22,2,Email,Seasonal Promo,37.25,1225,37,1
2025-11-22,3,Google Ads,Search - Brand,183.07,5950,196,13
2025-11-22,3,Meta Ads,Leads - Offers,136.29,10238,105,3
2025-11-22,3,TikTok,Leads - Shortform,111.02,12310,83,3
2025-11-22,3,Email,Seasonal Promo,35.83,1224,35,1
2025-11-22,4,Google Ads,Search - Brand,158.73,3974,95,5
2025-11-22,4,Meta Ads,Leads - SUVs,135.85,5174,92,4
2025-11-22,4,TikTok,Leads - Shortform,85.28,8227,89,1
2025-11-22,4,Email,Newsletter,34.42,901,20,0
2025-11-23,1,Google Ads,Search - Used Cars,242.6,7739,150,8
2025-11-23,1,Meta Ads,Retargeting,198.41,7419,96,4
2025-11-23,1,TikTok,Leads - Shortform,84.31,8514,73,1
2025-11-23,1,Email,Seasonal Promo,30.99,1075,47,2
2025-11-23,2,Google Ads,Search - Brand,146.81,6343,159,9
2025-11-23,2,Meta Ads,Leads - SUVs,158.38,9438,79,2
2025-11-23,2,TikTok,Awareness - Video,96.65,9187,125,3
2025-11-23,2,Email,Service Reminder,34.37,999,16,0
2025-11-23,3,Google Ads,Search - Service,222.4,5272,112,4
2025-11-23,3,Meta Ads,Leads - SUVs,205.44,9535,107,5
2025-11-23,3,TikTok,Leads - Shortform,127.92,11656,123,3
2025-11-23,3,Email,Newsletter,43.56,1287,53,1
2025-11-23,4,Google Ads,Search - Used Cars,133.34,4768,135,7
2025-11-23,4,Meta Ads,Leads - Offers,146.04,5146,99,3
2025-11-23,4,TikTok,Leads - Shortform,77.12,6745,93,2
2025-11-23,4,Email,Newsletter,24.98,757,31,1
2025-11-24,1,Google Ads,Search - Service,204.79,5600,250,15
2025-11-24,1,Meta Ads,Leads - Offers,134.92,8303,80,2
2025-11-24,1,TikTok,Leads - Shortform,105.04,9146,108,3
2025-11-24,1,Email,Service Reminder,31.12,1225,41,1
2025-11-24,2,Google Ads,Search - Service,172.36,5043,221,12
2025-11-24,2,Meta Ads,Leads - SUVs,151.03,5974,92,3
2025-11-24,2,TikTok,Leads - Shortform,90.59,7212,63,1
2025-11-24,2,Email,Seasonal Promo,33.02,983,24,1
2025-11-24,3,Google Ads,Search - Brand,192.36,6820,202,10
2025-11-24,3,Meta Ads,Leads - Offers,116.63,9853,117,5
2025-11-24,3,TikTok,Awareness - Video,116.1,7768,73,2
2025-11-24,3,Email,Newsletter,28.01,1042,43,1
2025-11-24,4,Google Ads,Search - Used Cars,134.95,4130,150,7
2025-11-24,4,Meta Ads,Leads - SUVs,80.16,6163,82,2
2025-11-24,4,TikTok,Awareness - Video,67.74,5079,45,1
2025-11-24,4,Email,Seasonal Promo,31.59,693,14,0
2025-11-25,1,Google Ads,Search - Service,167.45,5651,226,10
2025-11-25,1,Meta Ads,Leads - SUVs,131.89,5640,66,2
2025-11-25,1,TikTok,Leads - Shortform,99.47,10831,150,5
2025-11-25,1,Email,Service Reminder,37.64,1165,45,1
2025-11-25,2,Google Ads,Search - Service,174.44,4622,207,12
2025-11-25,2,Meta Ads,Leads - Offers,141.39,4882,39,1
2025-11-25,2,TikTok,Awareness - Video,100.24,7784,52,0
2025-11-25,2,Email,Newsletter,27.36,1049,33,1
2025-11-25,3,Google Ads,Search - Service,161.01,6146,134,7
2025-11-25,3,Meta Ads,Retargeting,118.46,6004,60,2
2025-11-25,3,TikTok,Leads - Shortform,100.15,11223,72,1
2025-11-25,3,Email,Seasonal Promo,33.6,1336,34,0
2025-11-25,4,Google Ads,Search - Service,104.95,3344,116,4
2025-11-25,4,Meta Ads,Leads - Offers,124.84,5872,114,4
2025-11-25,4,TikTok,Awareness - Video,58.73,4877,65,2
2025-11-25,4,Email,Service Reminder,19.66,1014,29,1
2025-11-26,1,Google Ads,Search - Brand,159.5,5222,195,9
2025-11-26,1,Meta Ads,Leads - SUVs,135.14,8595,71,3
2025-11-26,1,TikTok,Awareness - Video,76.57,8373,62,2
2025-11-26,1,Email,Service Reminder,33.74,1075,26,1
2025-11-26,2,Google Ads,Search - Used Cars,194.33,4650,114,5
2025-11-26,2,Meta Ads,Leads - SUVs,119.87,6693,75,2
2025-11-26,2,TikTok,Awareness - Video,72.77,6499,49,1
2025-11-26,2,Email,Newsletter,33.39,1040,40,1
2025-11-26,3,Google Ads,Search - Service,234.76,4813,210,11
2025-11-26,3,Meta Ads,Leads - Offers,175.16,8794,169,9
2025-11-26,3,TikTok,Leads - Shortform,99.67,8792,70,2
2025-11-26,3,Email,Newsletter,30.18,1369,48,1
2025-11-26,4,Google Ads,Search - Brand,145.93,4301,113,5
2025-11-26,4,Meta Ads,Leads - Offers,115.46,6570,70,2
2025-11-26,4,TikTok,Awareness - Video,53.03,8443,105,3
2025-11-26,4,Email,Newsletter,20.6,771,16,0
2025-11-27,1,Google Ads,Search - Used Cars,210.39,6949,286,12
2025-11-27,1,Meta Ads,Leads - SUVs,120.58,7089,124,5
2025-11-27,1,TikTok,Leads - Shortform,70.53,10378,100,3
2025-11-27,1,Email,Service Reminder,33.3,1250,25,0
2025-11-27,2,Google Ads,Search - Brand,160.83,5496,162,10
2025-11-27,2,Meta Ads,Leads - Offers,123.52,5091,59,2
2025-11-27,2,TikTok,Awareness - Video,87.16,7064,70,2
2025-11-27,2,Email,Service Reminder,35.63,1111,47,1
2025-11-27,3,Google Ads,Search - Service,203.36,4295,105,4
2025-11-27,3,Meta Ads,Leads - SUVs,128.36,10041,170,5
2025-11-27,3,TikTok,Leads - Shortform,120.53,10317,80,2
2025-11-27,3,Email,Service Reminder,45.9,1173,50,2
2025-11-27,4,Google Ads,Search - Used Cars,137.3,4619,108,6
2025-11-27,4,Meta Ads,Leads - Offers,105.77,4634,90,4
2025-11-27,4,TikTok,Leads - Shortform,57.23,5456,66,1
2025-11-27,4,Email,Service Reminder,23.26,665,17,0
2025-11-28,1,Google Ads,Search - Service,186.13,5667,209,8
2025-11-28,1,Meta Ads,Retargeting,141.75,9850,120,4
2025-11-28,1,TikTok,Awareness - Video,97.8,7912,87,1
2025-11-28,1,Email,Service Reminder,41.19,980,34,1
2025-11-28,2,Google Ads,Search - Brand,187.37,3698,115,4
2025-11-28,2,Meta Ads,Leads - SUVs,120.03,5463,63,3
2025-11-28,2,TikTok,Awareness - Video,78.04,8394,74,1
2025-11-28,2,Email,Newsletter,25.71,1065,47,1
2025-11-28,3,Google Ads,Search - Used Cars,157.3,5935,176,8
2025-11-28,3,Meta Ads,Retargeting,138.54,7460,67,2
2025-11-28,3,TikTok,Leads - Shortform,105.26,7302,87,1
2025-11-28,3,Email,Service Reminder,44.48,1105,22,1
2025-11-28,4,Google Ads,Search - Service,161.4,4847,129,5
2025-11-28,4,Meta Ads,Leads - SUVs,98.05,5316,77,3
2025-11-28,4,TikTok,Leads - Shortform,60.23,5019,52,1
2025-11-28,4,Email,Seasonal Promo,25.63,669,14,0
2025-11-29,1,Google Ads,Search - Service,174.06,7490,167,8
2025-11-29,1,Meta Ads,Leads - SUVs,136.18,6645,88,3
2025-11-29,1,TikTok,Leads - Shortform,82.76,13266,170,6
2025-11-29,1,Email,Service Reminder,35.19,1080,17,0
2025-11-29,2,Google Ads,Search - Brand,241.76,4908,127,6
2025-11-29,2,Meta Ads,Retargeting,170.15,8720,118,5
2025-11-29,2,TikTok,Leads - Shortform,96.97,10266,112,2
2025-11-29,2,Email,Service Reminder,48.14,1354,53,1
2025-11-29,3,Google Ads,Search - Service,220.81,6470,231,10
2025-11-29,3,Meta Ads,Leads - SUVs,181.5,10346,188,6
2025-11-29,3,TikTok,Leads - Shortform,125.93,9058,96,2
2025-11-29,3,Email,Service Reminder,41.57,1256,35,1
2025-11-29,4,Google Ads,Search - Service,131.26,6056,150,6
2025-11-29,4,Meta Ads,Retargeting,137.42,7635,81,3
2025-11-29,4,TikTok,Awareness - Video,91.0,10140,106,3
2025-11-29,4,Email,Seasonal Promo,24.91,998,40,1
2025-11-30,1,Google Ads,Search - Service,225.61,6677,243,13
2025-11-30,1,Meta Ads,Leads - Offers,179.64,10868,104,5
2025-11-30,1,TikTok,Awareness - Video,106.6,8154,51,1
2025-11-30,1,Email,Newsletter,42.66,1134,21,1
2025-11-30,2,Google Ads,Search - Brand,247.12,7636,172,10
2025-11-30,2,Meta Ads,Leads - SUVs,183.19,9724,79,2
2025-11-30,2,TikTok,Awareness - Video,95.73,11677,158,5
2025-11-30,2,Email,Newsletter,46.04,1194,30,0
2025-11-30,3,Google Ads,Search - Brand,204.98,5824,175,11
2025-11-30,3,Meta Ads,Retargeting,176.26,11436,158,5
2025-11-30,3,TikTok,Leads - Shortform,98.44,12062,100,3
2025-11-30,3,Email,Service Reminder,53.07,1548,34,2
2025-11-30,4,Google Ads,Search - Brand,152.46,3997,126,8
2025-11-30,4,Meta Ads,Leads - Offers,101.34,7394,116,5
2025-11-30,4,TikTok,Leads - Shortform,102.09,9232,88,2
2025-11-30,4,Email,Seasonal Promo,32.45,971,29,0
2025-12-01,1,Google Ads,Search - Used Cars,218.99,5400,165,11
2025-12-01,1,Meta Ads,Leads - SUVs,115.17,8582,103,3
2025-12-01,1,TikTok,Leads - Shortform,116.82,10473,115,3
2025-12-01,1,Email,Newsletter,33.89,1096,32,0
2025-12-01,2,Google Ads,Search - Service,137.72,5685,220,14
2025-12-01,2,Meta Ads,Leads - SUVs,148.94,8085,99,3
2025-12-01,2,TikTok,Awareness - Video,106.51,11340,129,3
2025-12-01,2,Email,Service Reminder,39.09,1142,38,1
2025-12-01,3,Google Ads,Search - Used Cars,222.82,7713,301,16
2025-12-01,3,Meta Ads,Leads - Offers,184.28,11097,108,3
2025-12-01,3,TikTok,Leads - Shortform,97.73,9620,117,4
2025-12-01,3,Email,Seasonal Promo,31.25,1163,28,1
2025-12-01,4,Google Ads,Search - Brand,151.41,3322,75,4
2025-12-01,4,Meta Ads,Leads - SUVs,104.97,7053,92,4
2025-12-01,4,TikTok,Awareness - Video,84.98,6479,47,1
2025-12-01,4,Email,Seasonal Promo,21.52,758,17,0
2025-12-02,1,Google Ads,Search - Service,178.19,6115,134,5
2025-12-02,1,Meta Ads,Leads - Offers,122.79,9876,196,8
2025-12-02,1,TikTok,Awareness - Video,106.95,12532,96,2
2025-12-02,1,Email,Seasonal Promo,29.68,1257,41,2
2025-12-02,2,Google Ads,Search - Brand,194.06,5023,175,10
2025-12-02,2,Meta Ads,Leads - Offers,108.31,6770,123,4
2025-12-02,2,TikTok,Leads - Shortform,75.6,6490,49,1
2025-12-02,2,Email,Newsletter,32.97,1071,27,1
2025-12-02,3,Google Ads,Search - Service,190.97,7296,212,14
2025-12-02,3,Meta Ads,Leads - SUVs,174.56,8950,166,7
2025-12-02,3,TikTok,Leads - Shortform,85.11,7358,72,2
2025-12-02,3,Email,Service Reminder,33.48,1410,38,2
2025-12-02,4,Google Ads,Search - Service,147.9,4664,113,8
2025-12-02,4,Meta Ads,Leads - Offers,136.24,7470,149,6
2025-12-02,4,TikTok,Leads - Shortform,91.7,7383,81,2
2025-12-02,4,Email,Service Reminder,28.16,849,35,0
2025-12-03,1,Google Ads,Search - Used Cars,220.74,5648,150,7
2025-12-03,1,Meta Ads,Retargeting,167.96,7059,83,2
2025-12-03,1,TikTok,Awareness - Video,92.69,9699,79,2
2025-12-03,1,Email,Service Reminder,33.89,1333,26,1
2025-12-03,2,Google Ads,Search - Used Cars,165.24,5092,182,11
2025-12-03,2,Meta Ads,Retargeting,177.13,6390,63,2
2025-12-03,2,TikTok,Awareness - Video,105.67,11290,84,3
2025-12-03,2,Email,Service Reminder,39.39,1362,26,1
2025-12-03,3,Google Ads,Search - Used Cars,169.24,5187,223,9
2025-12-03,3,Meta Ads,Retargeting,156.28,7957,170,7
2025-12-03,3,TikTok,Awareness - Video,81.46,10624,83,2
2025-12-03,3,Email,Newsletter,45.91,1022,42,0
2025-12-03,4,Google Ads,Search - Service,144.71,3702,151,6
2025-12-03,4,Meta Ads,Leads - Offers,118.48,7527,171,5
2025-12-03,4,TikTok,Awareness - Video,83.72,6481,48,1
2025-12-03,4,Email,Newsletter,35.99,798,13,0
2025-12-04,1,Google Ads,Search - Brand,221.66,6457,211,12
2025-12-04,1,Meta Ads,Retargeting,177.58,8060,95,3
2025-12-04,1,TikTok,Awareness - Video,97.14,9587,88,1
2025-12-04,1,Email,Seasonal Promo,30.13,1378,58,1
2025-12-04,2,Google Ads,Search - Brand,203.35,4320,150,6
2025-12-04,2,Meta Ads,Retargeting,113.28,8745,103,4
2025-12-04,2,TikTok,Leads - Shortform,91.9,9837,96,3
2025-12-04,2,Email,Service Reminder,36.74,1248,55,1
2025-12-04,3,Google Ads,Search - Service,168.02,8439,212,12
2025-12-04,3,Meta Ads,Leads - SUVs,131.34,10549,168,8
2025-12-04,3,TikTok,Leads - Shortform,94.66,12940,166,4
2025-12-04,3,Email,Seasonal Promo,41.29,1161,22,1
2025-12-04,4,Google Ads,Search - Used Cars,132.3,3735,150,8
2025-12-04,4,Meta Ads,Retargeting,144.84,7694,121,6
2025-12-04,4,TikTok,Leads - Shortform,71.57,9125,114,2
2025-12-04,4,Email,Newsletter,32.59,900,23,1
2025-12-05,1,Google Ads,Search - Used Cars,197.46,8264,303,16
2025-12-05,1,Meta Ads,Leads - SUVs,180.73,6985,99,2
2025-12-05,1,TikTok,Awareness - Video,97.24,10546,83,2
2025-12-05,1,Email,Service Reminder,46.62,1147,36,0
2025-12-05,2,Google Ads,Search - Service,168.79,5198,127,8
2025-12-05,2,Meta Ads,Leads - Offers,149.81,7894,71,2
2025-12-05,2,TikTok,Leads - Shortform,100.72,8778,55,1
2025-12-05,2,Email,Service Reminder,28.51,1365,60,2
2025-12-05,3,Google Ads,Search - Service,177.12,7115,315,20
2025-12-05,3,Meta Ads,Retargeting,158.3,9958,119,3
2025-12-05,3,TikTok,Leads - Shortform,102.15,11038,110,4
2025-12-05,3,Email,Newsletter,33.98,1422,61,2
2025-12-05,4,Google Ads,Search - Brand,149.36,4680,148,9
2025-12-05,4,Meta Ads,Retargeting,103.75,5262,76,4
2025-12-05,4,TikTok,Leads - Shortform,79.07,8943,108,2
2025-12-05,4,Email,Newsletter,35.15,1011,15,0
2025-12-06,1,Google Ads,Search - Service,206.93,6705,276,15
2025-12-06,1,Meta Ads,Retargeting,181.6,10655,212,10
2025-12-06,1,TikTok,Awareness - Video,110.81,9911,137,3
2025-12-06,1,Email,Seasonal Promo,42.01,1349,32,0
2025-12-06,2,Google Ads,Search - Used Cars,242.43,6005,148,7
2025-12-06,2,Meta Ads,Leads - SUVs,203.74,7912,82,2
2025-12-06,2,TikTok,Leads - Shortform,135.19,12157,141,2
2025-12-06,2,Email,Service Reminder,36.75,1718,54,1
2025-12-06,3,Google Ads,Search - Service,295.14,5598,133,7
2025-12-06,3,Meta Ads,Leads - Offers,218.41,12506,188,7
2025-12-06,3,TikTok,Leads - Shortform,108.22,10441,77,2
2025-12-06,3,Email,Newsletter,38.26,1916,32,1
2025-12-06,4,Google Ads,Search - Brand,179.8,6072,219,10
2025-12-06,4,Meta Ads,Leads - Offers,142.38,5963,103,4
2025-12-06,4,TikTok,Awareness - Video,88.44,7387,49,0
2025-12-06,4,Email,Newsletter,37.77,994,41,1
2025-12-07,1,Google Ads,Search - Brand,203.39,7245,278,18
2025-12-07,1,Meta Ads,Leads - SUVs,210.29,11553,135,4
2025-12-07,1,TikTok,Awareness - Video,101.19,14451,200,5
2025-12-07,1,Email,Newsletter,43.54,1270,30,1
2025-12-07,2,Google Ads,Search - Brand,215.87,7569,159,10
2025-12-07,2,Meta Ads,Leads - Offers,187.71,7702,122,5
2025-12-07,2,TikTok,Awareness - Video,100.16,10165,122,3
2025-12-07,2,Email,Newsletter,36.99,1252,30,1
2025-12-07,3,Google Ads,Search - Brand,265.75,6874,231,9
2025-12-07,3,Meta Ads,Leads - Offers,183.38,13493,214,6
2025-12-07,3,TikTok,Leads - Shortform,118.27,12638,109,2
2025-12-07,3,Email,Newsletter,56.87,1447,24,1
2025-12-07,4,Google Ads,Search - Service,171.44,3992,76,4
2025-12-07,4,Meta Ads,Leads - SUVs,151.2,5879,87,3
2025-12-07,4,TikTok,Leads - Shortform,100.86,10327,91,2
2025-12-07,4,Email,Newsletter,32.25,1353,55,2
2025-12-08,1,Google Ads,Search - Brand,175.47,5593,182,9
2025-12-08,1,Meta Ads,Leads - Offers,137.38,9033,127,4
2025-12-08,1,TikTok,Awareness - Video,94.66,10966,152,5
2025-12-08,1,Email,Seasonal Promo,48.95,1345,56,1
2025-12-08,2,Google Ads,Search - Service,165.82,6788,138,6
2025-12-08,2,Meta Ads,Leads - SUVs,188.31,7708,119,3
2025-12-08,2,TikTok,Awareness - Video,76.77,10148,79,2
2025-12-08,2,Email,Seasonal Promo,41.66,944,21,0
2025-12-08,3,Google Ads,Search - Service,185.49,5971,121,7
2025-12-08,3,Meta Ads,Retargeting,208.55,6520,125,5
2025-12-08,3,TikTok,Leads - Shortform,84.86,12994,93,2
2025-12-08,3,Email,Newsletter,35.56,1288,24,0
2025-12-08,4,Google Ads,Search - Brand,179.79,4736,148,9
2025-12-08,4,Meta Ads,Leads - Offers,137.39,7073,73,3
2025-12-08,4,TikTok,Leads - Shortform,89.7,5926,69,1
2025-12-08,4,Email,Newsletter,35.14,989,37,1
2025-12-09,1,Google Ads,Search - Brand,238.3,7780,308,17
2025-12-09,1,Meta Ads,Leads - SUVs,155.69,9587,184,7
2025-12-09,1,TikTok,Awareness - Video,83.22,12418,154,5
2025-12-09,1,Email,Newsletter,35.92,1406,44,2
2025-12-09,2,Google Ads,Search - Brand,183.37,6931,273,16
2025-12-09,2,Meta Ads,Leads - SUVs,175.32,7622,68,3
2025-12-09,2,TikTok,Leads - Shortform,104.83,12041,113,2
2025-12-09,2,Email,Service Reminder,37.48,915,16,0
2025-12-09,3,Google Ads,Search - Used Cars,226.56,5075,145,7
2025-12-09,3,Meta Ads,Leads - Offers,154.39,6948,78,3
2025-12-09,3,TikTok,Leads - Shortform,105.64,11330,89,2
2025-12-09,3,Email,Seasonal Promo,33.2,1641,33,1
2025-12-09,4,Google Ads,Search - Service,186.88,6119,161,7
2025-12-09,4,Meta Ads,Retargeting,139.79,6956,127,6
2025-12-09,4,TikTok,Leads - Shortform,79.52,5493,40,1
2025-12-09,4,Email,Service Reminder,31.51,1075,39,1
2025-12-10,1,Google Ads,Search - Service,198.56,8128,342,20
2025-12-10,1,Meta Ads,Leads - Offers,165.76,7923,88,3
2025-12-10,1,TikTok,Leads - Shortform,114.33,11418,102,3
2025-12-10,1,Email,Seasonal Promo,32.09,1449,43,2
2025-12-10,2,Google Ads,Search - Brand,198.76,5718,218,14
2025-12-10,2,Meta Ads,Retargeting,158.32,7851,152,6
2025-12-10,2,TikTok,Awareness - Video,118.49,11929,85,2
2025-12-10,2,Email,Seasonal Promo,37.72,1544,31,1
2025-12-10,3,Google Ads,Search - Service,168.46,6942,201,8
2025-12-10,3,Meta Ads,Retargeting,183.72,9161,180,7
2025-12-10,3,TikTok,Leads - Shortform,100.7,13249,132,2
2025-12-10,3,Email,Seasonal Promo,39.66,1133,34,1
2025-12-10,4,Google Ads,Search - Used Cars,188.28,5029,222,14
2025-12-10,4,Meta Ads,Leads - SUVs,149.76,5293,61,3
2025-12-10,4,TikTok,Awareness - Video,82.92,9828,90,2
2025-12-10,4,Email,Service Reminder,28.8,930,40,1
2025-12-11,1,Google Ads,Search - Used Cars,224.69,7499,198,8
2025-12-11,1,Meta Ads,Retargeting,161.11,9070,145,7
2025-12-11,1,TikTok,Leads - Shortform,99.44,11884,108,3
2025-12-11,1,Email,Seasonal Promo,33.14,1296,19,0
2025-12-11,2,Google Ads,Search - Used Cars,169.48,4963,98,5
2025-12-11,2,Meta Ads,Retargeting,162.62,7580,134,4
2025-12-11,2,TikTok,Leads - Shortform,79.96,7735,91,3
2025-12-11,2,Email,Newsletter,42.46,1148,49,2
2025-12-11,3,Google Ads,Search - Used Cars,259.46,7557,165,10
2025-12-11,3,Meta Ads,Leads - SUVs,185.11,11344,108,4
2025-12-11,3,TikTok,Awareness - Video,133.0,8119,48,1
2025-12-11,3,Email,Newsletter,44.32,1319,42,1
2025-12-11,4,Google Ads,Search - Brand,133.83,5745,140,6
2025-12-11,4,Meta Ads,Leads - SUVs,144.99,7420,132,6
2025-12-11,4,TikTok,Leads - Shortform,63.38,8722,101,3
2025-12-11,4,Email,Service Reminder,33.42,1124,37,1
2025-12-12,1,Google Ads,Search - Used Cars,226.68,8179,324,16
2025-12-12,1,Meta Ads,Retargeting,163.44,6711,130,4
2025-12-12,1,TikTok,Leads - Shortform,110.9,8159,66,1
2025-12-12,1,Email,Service Reminder,42.34,1385,22,0
2025-12-12,2,Google Ads,Search - Used Cars,234.42,5919,143,8
2025-12-12,2,Meta Ads,Leads - Offers,131.8,10179,151,7
2025-12-12,2,TikTok,Awareness - Video,108.34,6819,68,1
2025-12-12,2,Email,Newsletter,45.39,1061,18,0
2025-12-12,3,Google Ads,Search - Service,257.36,8618,342,23
2025-12-12,3,Meta Ads,Leads - SUVs,182.43,7709,121,5
2025-12-12,3,TikTok,Leads - Shortform,106.2,12061,140,3
2025-12-12,3,Email,Service Reminder,44.72,1095,21,1
2025-12-12,4,Google Ads,Search - Brand,176.34,5391,209,9
2025-12-12,4,Meta Ads,Retargeting,140.01,5631,98,2
2025-12-12,4,TikTok,Awareness - Video,60.16,6339,38,1
2025-12-12,4,Email,Seasonal Promo,33.65,994,31,1
2025-12-13,1,Google Ads,Search - Brand,184.08,5864,161,10
2025-12-13,1,Meta Ads,Retargeting,181.26,7562,70,2
2025-12-13,1,TikTok,Leads - Shortform,118.37,8936,77,1
2025-12-13,1,Email,Newsletter,54.47,1532,34,1
2025-12-13,2,Google Ads,Search - Brand,240.56,8428,374,19
2025-12-13,2,Meta Ads,Retargeting,188.41,7224,135,5
2025-12-13,2,TikTok,Awareness - Video,82.33,9016,96,2
2025-12-13,2,Email,Newsletter,48.95,1721,30,1
2025-12-13,3,Google Ads,Search - Used Cars,228.68,7873,239,15
2025-12-13,3,Meta Ads,Leads - Offers,145.83,8527,104,5
2025-12-13,3,TikTok,Awareness - Video,130.06,9649,73,2
2025-12-13,3,Email,Seasonal Promo,58.54,1729,73,3
2025-12-13,4,Google Ads,Search - Brand,167.42,5942,221,10
2025-12-13,4,Meta Ads,Retargeting,134.97,9019,137,4
2025-12-13,4,TikTok,Leads - Shortform,92.47,6499,51,2
2025-12-13,4,Email,Newsletter,25.78,1154,43,1
2025-12-14,1,Google Ads,Search - Brand,270.7,5192,100,4
2025-12-14,1,Meta Ads,Leads - Offers,208.04,7117,104,4
2025-12-14,1,TikTok,Leads - Shortform,103.62,9310,57,1
2025-12-14,1,Email,Newsletter,51.65,1788,32,0
2025-12-14,2,Google Ads,Search - Service,245.46,8092,345,13
2025-12-14,2,Meta Ads,Leads - Offers,171.63,10668,149,6
2025-12-14,2,TikTok,Awareness - Video,118.38,11772,128,3
2025-12-14,2,Email,Seasonal Promo,31.46,1534,24,1
2025-12-14,3,Google Ads,Search - Service,274.22,8268,368,21
2025-12-14,3,Meta Ads,Leads - Offers,195.21,9317,85,4
2025-12-14,3,TikTok,Awareness - Video,97.51,10603,89,2
2025-12-14,3,Email,Service Reminder,50.24,1945,74,1
2025-12-14,4,Google Ads,Search - Service,148.92,4944,220,14
2025-12-14,4,Meta Ads,Retargeting,145.2,9049,151,7
2025-12-14,4,TikTok,Awareness - Video,101.54,9818,61,2
2025-12-14,4,Email,Service Reminder,38.88,842,28,0
2025-12-15,1,Google Ads,Search - Used Cars,152.77,5677,127,5
2025-12-15,1,Meta Ads,Retargeting,167.61,8196,126,6
2025-12-15,1,TikTok,Leads - Shortform,88.67,8495,78,1
2025-12-15,1,Email,Newsletter,39.73,1170,46,0
2025-12-15,2,Google Ads,Search - Brand,185.46,4255,171,8
2025-12-15,2,Meta Ads,Retargeting,130.4,5617,53,2
2025-12-15,2,TikTok,Awareness - Video,92.68,9947,102,3
2025-12-15,2,Email,Service Reminder,43.15,1167,44,1
2025-12-15,3,Google Ads,Search - Brand,230.97,6111,129,8
2025-12-15,3,Meta Ads,Retargeting,157.22,9666,157,7
2025-12-15,3,TikTok,Leads - Shortform,91.19,8910,55,1
2025-12-15,3,Email,Newsletter,43.43,1403,48,2
2025-12-15,4,Google Ads,Search - Used Cars,133.28,3333,66,2
2025-12-15,4,Meta Ads,Leads - SUVs,90.48,6368,106,4
2025-12-15,4,TikTok,Leads - Shortform,89.43,7166,94,2
2025-12-15,4,Email,Service Reminder,27.42,1029,29,1
2025-12-16,1,Google Ads,Search - Brand,150.51,7194,173,11
2025-12-16,1,Meta Ads,Leads - SUVs,166.01,7100,57,1
2025-12-16,1,TikTok,Awareness - Video,81.51,10771,115,3
2025-12-16,1,Email,Newsletter,29.55,1233,49,1
2025-12-16,2,Google Ads,Search - Brand,140.48,3889,159,6
2025-12-16,2,Meta Ads,Leads - SUVs,130.13,8480,81,4
2025-12-16,2,TikTok,Leads - Shortform,83.96,7179,81,3
2025-12-16,2,Email,Newsletter,31.16,1065,40,1
2025-12-16,3,Google Ads,Search - Used Cars,178.61,7747,194,7
2025-12-16,3,Meta Ads,Leads - Offers,172.66,10275,111,3
2025-12-16,3,TikTok,Leads - Shortform,101.96,7858,82,2
2025-12-16,3,Email,Service Reminder,32.27,1285,25,0
2025-12-16,4,Google Ads,Search - Used Cars,141.27,3745,101,4
2025-12-16,4,Meta Ads,Retargeting,97.36,6943,102,5
2025-12-16,4,TikTok,Leads - Shortform,58.51,9202,93,2
2025-12-16,4,Email,Newsletter,28.41,831,14,0
2025-12-17,1,Google Ads,Search - Brand,152.23,5742,152,7
2025-12-17,1,Meta Ads,Retargeting,172.15,5969,98,4
2025-12-17,1,TikTok,Leads - Shortform,81.22,6831,76,2
2025-12-17,1,Email,Newsletter,40.3,1345,21,0
2025-12-17,2,Google Ads,Search - Used Cars,145.23,6377,277,17
2025-12-17,2,Meta Ads,Leads - SUVs,148.07,8022,131,3
2025-12-17,2,TikTok,Leads - Shortform,106.01,6613,51,0
2025-12-17,2,Email,Service Reminder,42.49,1317,31,1
2025-12-17,3,Google Ads,Search - Brand,152.61,7824,190,10
2025-12-17,3,Meta Ads,Retargeting,184.67,9630,154,5
2025-12-17,3,TikTok,Awareness - Video,85.38,9910,84,2
2025-12-17,3,Email,Service Reminder,33.87,1588,39,1
2025-12-17,4,Google Ads,Search - Used Cars,162.23,3681,149,6
2025-12-17,4,Meta Ads,Leads - SUVs,117.1,5866,85,3
2025-12-17,4,TikTok,Leads - Shortform,62.19,5519,75,1
2025-12-17,4,Email,Newsletter,34.72,731,18,0
2025-12-18,1,Google Ads,Search - Used Cars,217.84,4952,165,7
2025-12-18,1,Meta Ads,Leads - Offers,181.78,6828,131,5
2025-12-18,1,TikTok,Awareness - Video,92.06,11336,155,5
2025-12-18,1,Email,Newsletter,33.09,1501,61,2
2025-12-18,2,Google Ads,Search - Service,191.57,5572,167,9
2025-12-18,2,Meta Ads,Retargeting,140.94,8545,160,8
2025-12-18,2,TikTok,Awareness - Video,84.07,9165,73,1
2025-12-18,2,Email,Seasonal Promo,41.49,1183,32,1
2025-12-18,3,Google Ads,Search - Brand,210.86,5962,215,13
2025-12-18,3,Meta Ads,Leads - Offers,150.15,7477,128,6
2025-12-18,3,TikTok,Awareness - Video,97.55,8879,122,4
2025-12-18,3,Email,Newsletter,47.44,1063,28,1
2025-12-18,4,Google Ads,Search - Used Cars,132.19,4282,119,8
2025-12-18,4,Meta Ads,Retargeting,93.78,5036,42,1
2025-12-18,4,TikTok,Leads - Shortform,74.39,7648,74,2
2025-12-18,4,Email,Service Reminder,28.4,822,29,1
2025-12-19,1,Google Ads,Search - Service,213.74,5362,113,6
2025-12-19,1,Meta Ads,Leads - SUVs,170.21,8474,132,6
2025-12-19,1,TikTok,Awareness - Video,87.57,11339,126,2
2025-12-19,1,Email,Newsletter,38.28,1405,57,2
2025-12-19,2,Google Ads,Search - Service,176.3,3750,148,9
2025-12-19,2,Meta Ads,Leads - Offers,146.12,5007,53,1
2025-12-19,2,TikTok,Awareness - Video,64.99,6575,88,3
2025-12-19,2,Email,Newsletter,32.77,840,21,0
2025-12-19,3,Google Ads,Search - Brand,172.47,5134,101,4
2025-12-19,3,Meta Ads,Leads - SUVs,124.09,9947,118,5
2025-12-19,3,TikTok,Awareness - Video,82.54,12294,128,2
2025-12-19,3,Email,Newsletter,44.47,1188,28,0
2025-12-19,4,Google Ads,Search - Brand,144.49,3448,127,8
2025-12-19,4,Meta Ads,Leads - Offers,114.33,6896,94,3
2025-12-19,4,TikTok,Awareness - Video,58.62,7268,49,1
2025-12-19,4,Email,Newsletter,30.31,877,26,0
2025-12-20,1,Google Ads,Search - Service,191.76,7092,260,15
2025-12-20,1,Meta Ads,Leads - Offers,141.97,7912,126,4
2025-12-20,1,TikTok,Awareness - Video,83.63,10469,91,3
2025-12-20,1,Email,Seasonal Promo,51.19,1566,38,1
2025-12-20,2,Google Ads,Search - Brand,175.35,5347,130,5
2025-12-20,2,Meta Ads,Retargeting,180.78,7960,82,2
2025-12-20,2,TikTok,Leads - Shortform,106.85,9638,81,1
2025-12-20,2,Email,Seasonal Promo,29.85,1164,34,1
2025-12-20,3,Google Ads,Search - Used Cars,272.42,6494,240,13
2025-12-20,3,Meta Ads,Retargeting,211.52,9974,92,3
2025-12-20,3,TikTok,Leads - Shortform,91.24,13575,183,5
2025-12-20,3,Email,Newsletter,42.71,1504,36,0
2025-12-20,4,Google Ads,Search - Brand,130.18,5409,201,12
2025-12-20,4,Meta Ads,Leads - Offers,110.07,7655,73,2
2025-12-20,4,TikTok,Awareness - Video,71.87,9427,102,2
2025-12-20,4,Email,Newsletter,25.76,1142,31,1
2025-12-21,1,Google Ads,Search - Brand,168.66,8196,355,21
2025-12-21,1,Meta Ads,Leads - SUVs,162.59,11248,171,6
2025-12-21,1,TikTok,Leads - Shortform,100.3,8700,107,3
2025-12-21,1,Email,Service Reminder,33.11,1563,39,1
2025-12-21,2,Google Ads,Search - Brand,239.57,6321,167,10
2025-12-21,2,Meta Ads,Leads - SUVs,164.24,8834,76,2
2025-12-21,2,TikTok,Awareness - Video,100.37,6832,82,2
2025-12-21,2,Email,Newsletter,46.13,1113,45,2
2025-12-21,3,Google Ads,Search - Used Cars,209.46,5881,255,10
2025-12-21,3,Meta Ads,Retargeting,164.31,9964,185,9
2025-12-21,3,TikTok,Awareness - Video,128.09,12013,77,2
2025-12-21,3,Email,Newsletter,48.48,1631,36,1
2025-12-21,4,Google Ads,Search - Service,173.34,5276,102,6
2025-12-21,4,Meta Ads,Leads - Offers,143.02,8010,77,4
2025-12-21,4,TikTok,Awareness - Video,89.82,9442,130,5
2025-12-21,4,Email,Service Reminder,34.77,1139,46,1
2025-12-22,1,Google Ads,Search - Used Cars,216.81,6894,128,6
2025-12-22,1,Meta Ads,Retargeting,110.77,8665,89,3
2025-12-22,1,TikTok,Leads - Shortform,82.27,8957,80,2
2025-12-22,1,Email,Seasonal Promo,34.81,1392,51,1
2025-12-22,2,Google Ads,Search - Service,207.18,6273,124,6
2025-12-22,2,Meta Ads,Leads - Offers,153.57,7598,79,3
2025-12-22,2,TikTok,Leads - Shortform,100.68,9084,117,3
2025-12-22,2,Email,Seasonal Promo,24.75,1100,30,1
2025-12-22,3,Google Ads,Search - Service,216.97,5294,127,7
2025-12-22,3,Meta Ads,Leads - Offers,126.74,9715,193,7
2025-12-22,3,TikTok,Leads - Shortform,101.28,7073,66,1
2025-12-22,3,Email,Service Reminder,37.15,1499,44,2
2025-12-22,4,Google Ads,Search - Used Cars,167.86,4253,167,7
2025-12-22,4,Meta Ads,Retargeting,107.13,6466,119,4
2025-12-22,4,TikTok,Awareness - Video,57.32,4794,48,1
2025-12-22,4,Email,Seasonal Promo,32.05,855,36,1
2025-12-23,1,Google Ads,Search - Used Cars,148.08,6153,211,9
2025-12-23,1,Meta Ads,Leads - Offers,141.71,7398,67,2
2025-12-23,1,TikTok,Leads - Shortform,108.75,7233,88,2
2025-12-23,1,Email,Newsletter,35.49,950,31,1
2025-12-23,2,Google Ads,Search - Service,162.15,5335,127,8
2025-12-23,2,Meta Ads,Leads - SUVs,155.86,5037,97,3
2025-12-23,2,TikTok,Awareness - Video,97.86,10234,107,2
2025-12-23,2,Email,Service Reminder,31.49,1123,50,1
2025-12-23,3,Google Ads,Search - Brand,223.75,5274,157,7
2025-12-23,3,Meta Ads,Retargeting,126.23,5910,60,2
2025-12-23,3,TikTok,Leads - Shortform,79.5,9328,88,3
2025-12-23,3,Email,Service Reminder,36.23,1055,32,1
2025-12-23,4,Google Ads,Search - Used Cars,147.25,5233,151,7
2025-12-23,4,Meta Ads,Leads - SUVs,95.5,6259,113,5
2025-12-23,4,TikTok,Leads - Shortform,79.08,6980,42,1
2025-12-23,4,Email,Seasonal Promo,25.71,851,30,1
2025-12-24,1,Google Ads,Search - Service,195.73,6310,275,12
2025-12-24,1,Meta Ads,Leads - SUVs,153.3,7083,84,3
2025-12-24,1,TikTok,Awareness - Video,83.26,11465,119,3
2025-12-24,1,Email,Newsletter,31.42,926,39,2
2025-12-24,2,Google Ads,Search - Used Cars,153.98,6246,171,9
2025-12-24,2,Meta Ads,Leads - SUVs,137.48,6790,81,3
2025-12-24,2,TikTok,Leads - Shortform,62.67,9750,63,2
2025-12-24,2,Email,Seasonal Promo,32.76,923,23,1
2025-12-24,3,Google Ads,Search - Brand,161.46,6590,143,7
2025-12-24,3,Meta Ads,Leads - Offers,114.41,6754,113,5
2025-12-24,3,TikTok,Awareness - Video,115.54,9732,130,2
2025-12-24,3,Email,Newsletter,35.51,1002,37,2
2025-12-24,4,Google Ads,Search - Brand,140.27,5257,100,4
2025-12-24,4,Meta Ads,Leads - Offers,80.07,4998,81,2
2025-12-24,4,TikTok,Leads - Shortform,55.59,5408,58,1
2025-12-24,4,Email,Newsletter,24.2,1060,29,1
2025-12-25,1,Google Ads,Search - Service,200.39,4469,102,4
2025-12-25,1,Meta Ads,Leads - SUVs,150.22,8275,110,5
2025-12-25,1,TikTok,Awareness - Video,103.71,9342,122,2
2025-12-25,1,Email,Service Reminder,42.06,1211,30,1
2025-12-25,2,Google Ads,Search - Service,167.26,5058,185,8
2025-12-25,2,Meta Ads,Retargeting,97.07,8164,142,6
2025-12-25,2,TikTok,Awareness - Video,97.23,7607,88,1
2025-12-25,2,Email,Service Reminder,35.94,1000,43,2
2025-12-25,3,Google Ads,Search - Used Cars,160.28,7508,177,10
2025-12-25,3,Meta Ads,Retargeting,171.14,10225,166,6
2025-12-25,3,TikTok,Leads - Shortform,109.06,8551,90,2
2025-12-25,3,Email,Service Reminder,43.47,1509,44,2
2025-12-25,4,Google Ads,Search - Used Cars,161.63,4316,127,8
2025-12-25,4,Meta Ads,Leads - Offers,109.09,4365,54,2
2025-12-25,4,TikTok,Leads - Shortform,65.19,7626,61,2
2025-12-25,4,Email,Seasonal Promo,24.39,642,25,0
2025-12-26,1,Google Ads,Search - Brand,221.46,7079,318,16
2025-12-26,1,Meta Ads,Retargeting,156.07,8300,94,4
2025-12-26,1,TikTok,Leads - Shortform,86.99,11622,113,2
2025-12-26,1,Email,Seasonal Promo,41.57,1349,32,1
2025-12-26,2,Google Ads,Search - Used Cars,178.55,4727,116,7
2025-12-26,2,Meta Ads,Leads - Offers,126.39,4980,44,2
2025-12-26,2,TikTok,Awareness - Video,71.67,8860,115,2
2025-12-26,2,Email,Service Reminder,29.95,1299,26,0
2025-12-26,3,Google Ads,Search - Service,168.09,4659,197,9
2025-12-26,3,Meta Ads,Leads - Offers,129.99,9927,105,5
2025-12-26,3,TikTok,Leads - Shortform,117.98,11102,122,3
2025-12-26,3,Email,Service Reminder,31.79,1156,33,1
2025-12-26,4,Google Ads,Search - Used Cars,157.12,5279,226,10
2025-12-26,4,Meta Ads,Retargeting,85.21,5022,93,4
2025-12-26,4,TikTok,Leads - Shortform,66.61,8522,89,1
2025-12-26,4,Email,Service Reminder,29.75,897,17,0
2025-12-27,1,Google Ads,Search - Brand,214.02,5690,153,8
2025-12-27,1,Meta Ads,Leads - Offers,151.07,6399,66,2
2025-12-27,1,TikTok,Leads - Shortform,104.69,9869,120,4
2025-12-27,1,Email,Seasonal Promo,38.78,1677,57,2
2025-12-27,2,Google Ads,Search - Service,165.27,5233,194,11
2025-12-27,2,Meta Ads,Retargeting,118.96,5751,84,2
2025-12-27,2,TikTok,Awareness - Video,110.15,8235,56,1
2025-12-27,2,Email,Newsletter,47.38,1354,49,0
2025-12-27,3,Google Ads,Search - Used Cars,267.63,7619,243,12
2025-12-27,3,Meta Ads,Retargeting,181.59,11123,90,3
2025-12-27,3,TikTok,Awareness - Video,134.43,9324,71,1
2025-12-27,3,Email,Seasonal Promo,51.72,1426,35,2
2025-12-27,4,Google Ads,Search - Service,196.38,3706,141,6
2025-12-27,4,Meta Ads,Leads - Offers,118.67,8063,66,2
2025-12-27,4,TikTok,Awareness - Video,98.68,8500,95,2
2025-12-27,4,Email,Seasonal Promo,28.71,809,34,1
2025-12-28,1,Google Ads,Search - Brand,226.6,7827,174,9
2025-12-28,1,Meta Ads,Retargeting,134.69,9022,122,5
2025-12-28,1,TikTok,Awareness - Video,94.18,8509,114,2
2025-12-28,1,Email,Service Reminder,36.74,1079,31,1
2025-12-28,2,Google Ads,Search - Service,246.92,4415,197,9
2025-12-28,2,Meta Ads,Leads - Offers,162.11,6674,58,1
2025-12-28,2,TikTok,Leads - Shortform,111.67,8948,59,2
2025-12-28,2,Email,Newsletter,38.76,1543,34,0
2025-12-28,3,Google Ads,Search - Service,227.96,8696,294,16
2025-12-28,3,Meta Ads,Retargeting,189.15,7490,116,3
2025-12-28,3,TikTok,Awareness - Video,103.89,8620,102,3
2025-12-28,3,Email,Seasonal Promo,41.92,1229,26,0
2025-12-28,4,Google Ads,Search - Service,138.15,4601,107,4
2025-12-28,4,Meta Ads,Retargeting,111.5,6138,67,3
2025-12-28,4,TikTok,Leads - Shortform,69.07,7541,86,2
2025-12-28,4,Email,Newsletter,24.71,778,16,0
2025-12-29,1,Google Ads,Search - Used Cars,161.14,6405,200,12
2025-12-29,1,Meta Ads,Leads - SUVs,115.68,8351,156,5
2025-12-29,1,TikTok,Awareness - Video,94.35,7383,84,2
2025-12-29,1,Email,Seasonal Promo,45.96,1344,51,2
2025-12-29,2,Google Ads,Search - Brand,180.92,6017,164,9
2025-12-29,2,Meta Ads,Leads - SUVs,128.8,8660,86,3
2025-12-29,2,TikTok,Awareness - Video,65.3,6556,77,2
2025-12-29,2,Email,Seasonal Promo,40.65,1192,27,0
2025-12-29,3,Google Ads,Search - Brand,153.09,5533,230,16
2025-12-29,3,Meta Ads,Leads - SUVs,181.18,9507,139,7
2025-12-29,3,TikTok,Leads - Shortform,122.56,10784,146,4
2025-12-29,3,Email,Newsletter,34.96,1061,39,0
2025-12-29,4,Google Ads,Search - Service,124.97,4304,136,7
2025-12-29,4,Meta Ads,Retargeting,114.72,4254,48,1
2025-12-29,4,TikTok,Leads - Shortform,80.19,7104,56,2
2025-12-29,4,Email,Seasonal Promo,27.92,911,21,1
2025-12-30,1,Google Ads,Search - Service,165.62,5738,183,8
2025-12-30,1,Meta Ads,Retargeting,162.0,9633,206,9
2025-12-30,1,TikTok,Leads - Shortform,106.04,8350,54,1
2025-12-30,1,Email,Newsletter,36.43,1294,53,2
2025-12-30,2,Google Ads,Search - Used Cars,142.01,6352,261,15
2025-12-30,2,Meta Ads,Leads - SUVs,105.96,5728,75,2
2025-12-30,2,TikTok,Awareness - Video,80.07,11339,84,1
2025-12-30,2,Email,Service Reminder,26.79,1221,27,0
2025-12-30,3,Google Ads,Search - Brand,229.3,5701,133,9
2025-12-30,3,Meta Ads,Retargeting,195.27,10863,158,5
2025-12-30,3,TikTok,Awareness - Video,114.07,9078,103,3
2025-12-30,3,Email,Newsletter,33.49,1331,42,1
2025-12-30,4,Google Ads,Search - Brand,123.88,4592,168,8
2025-12-30,4,Meta Ads,Retargeting,130.65,4490,71,2
2025-12-30,4,TikTok,Leads - Shortform,54.15,5981,51,1
2025-12-30,4,Email,Seasonal Promo,32.75,783,25,0
2025-12-31,1,Google Ads,Search - Used Cars,193.64,6780,231,10
2025-12-31,1,Meta Ads,Retargeting,162.5,9560,202,8
2025-12-31,1,TikTok,Awareness - Video,121.87,11359,136,5
2025-12-31,1,Email,Newsletter,34.62,1488,53,1
2025-12-31,2,Google Ads,Search - Used Cars,180.25,4792,190,12
2025-12-31,2,Meta Ads,Retargeting,141.6,5748,73,2
2025-12-31,2,TikTok,Leads - Shortform,94.35,9296,76,2
2025-12-31,2,Email,Seasonal Promo,42.86,1058,19,0
2025-12-31,3,Google Ads,Search - Brand,188.64,5959,280,15
2025-12-31,3,Meta Ads,Retargeting,135.48,8711,123,3
2025-12-31,3,TikTok,Awareness - Video,119.63,9490,112,2
2025-12-31,3,Email,Newsletter,47.63,1176,31,0
2025-12-31,4,Google Ads,Search - Brand,155.91,4957,140,8
2025-12-31,4,Meta Ads,Leads - Offers,122.02,7399,97,3
2025-12-31,4,TikTok,Awareness - Video,59.4,6433,73,2
2025-12-31,4,Email,Seasonal Promo,32.33,1133,45,2
2026-01-01,1,Google Ads,Search - Used Cars,199.28,6291,141,5
2026-01-01,1,Meta Ads,Leads - Offers,122.9,8953,135,6
2026-01-01,1,TikTok,Awareness - Video,88.34,12070,89,3
2026-01-01,1,Email,Seasonal Promo,29.61,1345,29,0
2026-01-01,2,Google Ads,Search - Brand,155.43,6911,187,7
2026-01-01,2,Meta Ads,Leads - SUVs,132.94,9474,78,3
2026-01-01,2,TikTok,Awareness - Video,75.74,7990,65,2
2026-01-01,2,Email,Newsletter,42.06,1454,41,2
2026-01-01,3,Google Ads,Search - Service,186.32,5639,245,14
2026-01-01,3,Meta Ads,Leads - SUVs,171.37,10580,102,4
2026-01-01,3,TikTok,Leads - Shortform,97.88,12348,156,6
2026-01-01,3,Email,Newsletter,36.13,1491,59,1
2026-01-01,4,Google Ads,Search - Brand,143.32,5302,161,8
2026-01-01,4,Meta Ads,Leads - SUVs,87.72,7093,120,6
2026-01-01,4,TikTok,Leads - Shortform,70.23,5880,58,2
2026-01-01,4,Email,Service Reminder,23.79,1066,29,0
2026-01-02,1,Google Ads,Search - Service,225.64,5658,225,9
2026-01-02,1,Meta Ads,Leads - SUVs,145.97,6537,74,3
2026-01-02,1,TikTok,Awareness - Video,92.17,12025,156,3
2026-01-02,1,Email,Newsletter,40.51,1354,45,1
2026-01-02,2,Google Ads,Search - Service,179.4,5552,225,13
2026-01-02,2,Meta Ads,Leads - SUVs,121.78,5874,76,3
2026-01-02,2,TikTok,Awareness - Video,84.25,10072,95,2
2026-01-02,2,Email,Newsletter,30.33,1222,25,0
2026-01-02,3,Google Ads,Search - Brand,160.68,8144,190,7
2026-01-02,3,Meta Ads,Retargeting,170.56,9028,95,4
2026-01-02,3,TikTok,Leads - Shortform,112.85,11194,151,3
2026-01-02,3,Email,Service Reminder,38.55,1327,22,1
2026-01-02,4,Google Ads,Search - Service,172.69,3374,112,7
2026-01-02,4,Meta Ads,Leads - Offers,102.04,4692,51,1
2026-01-02,4,TikTok,Leads - Shortform,63.12,5253,70,1
2026-01-02,4,Email,Newsletter,33.39,1061,19,0
2026-01-03,1,Google Ads,Search - Service,237.25,5200,125,6
2026-01-03,1,Meta Ads,Leads - SUVs,209.25,9407,180,7
2026-01-03,1,TikTok,Leads - Shortform,114.31,12769,159,5
2026-01-03,1,Email,Seasonal Promo,44.9,1723,68,2
2026-01-03,2,Google Ads,Search - Used Cars,186.23,4851,115,7
2026-01-03,2,Meta Ads,Leads - Offers,211.23,9116,85,4
2026-01-03,2,TikTok,Leads - Shortform,134.86,7705,84,2
2026-01-03,2,Email,Newsletter,41.69,1110,26,1
2026-01-03,3,Google Ads,Search - Service,186.9,6672,188,11
2026-01-03,3,Meta Ads,Retargeting,202.89,9350,89,4
2026-01-03,3,TikTok,Leads - Shortform,95.97,10910,134,4
2026-01-03,3,Email,Newsletter,39.07,1767,30,1
2026-01-03,4,Google Ads,Search - Brand,186.45,5825,221,14
2026-01-03,4,Meta Ads,Leads - Offers,138.62,6461,126,4
2026-01-03,4,TikTok,Leads - Shortform,106.85,8176,62,1
2026-01-03,4,Email,Seasonal Promo,39.96,1053,39,1
2026-01-04,1,Google Ads,Search - Brand,199.43,6883,237,12
2026-01-04,1,Meta Ads,Retargeting,189.43,9601,184,9
2026-01-04,1,TikTok,Awareness - Video,97.87,8563,56,1
2026-01-04,1,Email,Seasonal Promo,56.66,1369,44,2
2026-01-04,2,Google Ads,Search - Used Cars,220.93,8013,319,16
2026-01-04,2,Meta Ads,Leads - SUVs,136.08,6573,92,4
2026-01-04,2,TikTok,Awareness - Video,113.04,11702,76,1
2026-01-04,2,Email,Service Reminder,41.57,1458,35,2
2026-01-04,3,Google Ads,Search - Service,240.17,8142,336,14
2026-01-04,3,Meta Ads,Leads - Offers,202.85,8694,157,8
2026-01-04,3,TikTok,Leads - Shortform,112.61,13148,81,2
2026-01-04,3,Email,Service Reminder,44.03,1405,48,1
2026-01-04,4,Google Ads,Search - Brand,161.96,6535,169,8
2026-01-04,4,Meta Ads,Leads - Offers,132.6,9179,103,5
2026-01-04,4,TikTok,Awareness - Video,111.01,11286,90,3
2026-01-04,4,Email,Seasonal Promo,39.9,912,28,0
2026-01-05,1,Google Ads,Search - Service,176.15,5496,190,8
2026-01-05,1,Meta Ads,Leads - SUVs,136.89,9553,110,5
2026-01-05,1,TikTok,Awareness - Video,103.86,11456,131,2
2026-01-05,1,Email,Newsletter,50.25,1256,44,1
2026-01-05,2,Google Ads,Search - Used Cars,182.62,6111,195,8
2026-01-05,2,Meta Ads,Leads - Offers,184.03,9331,185,7
2026-01-05,2,TikTok,Awareness - Video,83.55,10997,128,4
2026-01-05,2,Email,Service Reminder,44.41,1067,41,1
2026-01-05,3,Google Ads,Search - Brand,257.23,7386,166,7
2026-01-05,3,Meta Ads,Retargeting,173.23,9023,165,7
2026-01-05,3,TikTok,Awareness - Video,121.61,9151,116,2
2026-01-05,3,Email,Service Reminder,38.45,1219,32,0
2026-01-05,4,Google Ads,Search - Service,145.72,3325,146,6
2026-01-05,4,Meta Ads,Leads - SUVs,105.2,6839,92,3
2026-01-05,4,TikTok,Awareness - Video,67.85,6776,93,2
2026-01-05,4,Email,Newsletter,36.06,789,31,0
2026-01-06,1,Google Ads,Search - Service,174.21,6072,256,13
2026-01-06,1,Meta Ads,Leads - SUVs,156.29,7183,118,5
2026-01-06,1,TikTok,Leads - Shortform,111.05,13259,165,5
2026-01-06,1,Email,Service Reminder,31.84,1340,40,0
2026-01-06,2,Google Ads,Search - Used Cars,208.91,7452,290,15
2026-01-06,2,Meta Ads,Leads - SUVs,147.8,8372,159,7
2026-01-06,2,TikTok,Awareness - Video,111.53,8201,94,3
2026-01-06,2,Email,Newsletter,32.11,1036,36,0
2026-01-06,3,Google Ads,Search - Brand,235.35,5425,239,10
2026-01-06,3,Meta Ads,Leads - Offers,134.58,6610,122,5
2026-01-06,3,TikTok,Awareness - Video,105.64,13357,163,5
2026-01-06,3,Email,Newsletter,39.49,1494,41,0
2026-01-06,4,Google Ads,Search - Used Cars,133.15,4307,78,3
2026-01-06,4,Meta Ads,Leads - Offers,143.14,7919,109,4
2026-01-06,4,TikTok,Leads - Shortform,91.38,8223,87,1
2026-01-06,4,Email,Service Reminder,32.36,943,41,1
2026-01-07,1,Google Ads,Search - Service,170.07,7387,292,16
2026-01-07,1,Meta Ads,Leads - Offers,184.25,8684,149,7
2026-01-07,1,TikTok,Leads - Shortform,82.04,13025,147,3
2026-01-07,1,Email,Newsletter,48.01,1624,36,1
2026-01-07,2,Google Ads,Search - Service,150.47,5236,127,8
2026-01-07,2,Meta Ads,Leads - SUVs,181.93,8396,167,5
2026-01-07,2,TikTok,Leads - Shortform,115.47,10473,111,2
2026-01-07,2,Email,Seasonal Promo,37.28,1314,40,1
2026-01-07,3,Google Ads,Search - Service,172.75,7947,149,8
2026-01-07,3,Meta Ads,Leads - SUVs,149.73,8572,91,4
2026-01-07,3,TikTok,Leads - Shortform,117.11,8695,108,3
2026-01-07,3,Email,Newsletter,37.63,1414,37,1
2026-01-07,4,Google Ads,Search - Used Cars,191.08,3409,86,4
2026-01-07,4,Meta Ads,Leads - Offers,101.49,7875,100,4
2026-01-07,4,TikTok,Awareness - Video,71.65,5826,52,2
2026-01-07,4,Email,Seasonal Promo,33.57,1035,19,0
2026-01-08,1,Google Ads,Search - Brand,182.23,8197,326,15
2026-01-08,1,Meta Ads,Leads - Offers,128.32,11035,122,6
2026-01-08,1,TikTok,Awareness - Video,120.65,11466,145,5
2026-01-08,1,Email,Service Reminder,51.14,1082,22,1
2026-01-08,2,Google Ads,Search - Used Cars,172.09,5040,164,7
2026-01-08,2,Meta Ads,Leads - SUVs,180.1,6827,111,5
2026-01-08,2,TikTok,Awareness - Video,82.46,8565,51,1
2026-01-08,2,Email,Seasonal Promo,33.58,1403,40,2
2026-01-08,3,Google Ads,Search - Brand,184.07,5036,193,8
2026-01-08,3,Meta Ads,Retargeting,163.79,7157,96,3
2026-01-08,3,TikTok,Leads - Shortform,117.73,8529,78,1
2026-01-08,3,Email,Seasonal Promo,49.29,1561,60,2
2026-01-08,4,Google Ads,Search - Used Cars,150.53,4196,88,4
2026-01-08,4,Meta Ads,Leads - SUVs,108.77,7966,124,5
2026-01-08,4,TikTok,Leads - Shortform,83.26,5913,41,0
2026-01-08,4,Email,Service Reminder,36.04,866,19,0
2026-01-09,1,Google Ads,Search - Used Cars,178.9,4549,189,12
2026-01-09,1,Meta Ads,Leads - SUVs,154.39,6825,106,5
2026-01-09,1,TikTok,Leads - Shortform,114.27,9359,94,2
2026-01-09,1,Email,Service Reminder,47.95,1190,48,2
2026-01-09,2,Google Ads,Search - Brand,233.89,6400,265,13
2026-01-09,2,Meta Ads,Leads - Offers,133.34,8225,114,5
2026-01-09,2,TikTok,Awareness - Video,93.08,6879,96,3
2026-01-09,2,Email,Seasonal Promo,43.21,1372,24,1
2026-01-09,3,Google Ads,Search - Service,238.7,7499,226,11
2026-01-09,3,Meta Ads,Leads - SUVs,138.03,6820,97,4
2026-01-09,3,TikTok,Leads - Shortform,124.76,13929,157,4
2026-01-09,3,Email,Seasonal Promo,35.89,1721,56,2
2026-01-09,4,Google Ads,Search - Used Cars,174.5,3451,108,5
2026-01-09,4,Meta Ads,Retargeting,94.5,5184,62,3
2026-01-09,4,TikTok,Awareness - Video,67.9,9135,87,2
2026-01-09,4,Email,Seasonal Promo,23.98,1111,22,0
2026-01-10,1,Google Ads,Search - Service,219.36,5506,181,10
2026-01-10,1,Meta Ads,Leads - Offers,153.8,7581,90,4
2026-01-10,1,TikTok,Leads - Shortform,129.38,10560,101,2
2026-01-10,1,Email,Newsletter,46.58,1265,47,2
2026-01-10,2,Google Ads,Search - Service,239.43,6355,210,9
2026-01-10,2,Meta Ads,Leads - SUVs,187.79,9443,147,4
2026-01-10,2,TikTok,Leads - Shortform,104.7,11911,101,1
2026-01-10,2,Email,Seasonal Promo,51.19,1617,59,1
2026-01-10,3,Google Ads,Search - Service,271.03,8047,248,12
2026-01-10,3,Meta Ads,Retargeting,245.59,9814,194,5
2026-01-10,3,TikTok,Awareness - Video,132.7,14170,156,5
2026-01-10,3,Email,Service Reminder,42.19,1849,58,2
2026-01-10,4,Google Ads,Search - Brand,164.32,6414,235,11
2026-01-10,4,Meta Ads,Retargeting,158.46,8112,108,5
2026-01-10,4,TikTok,Awareness - Video,80.31,8953,66,2
2026-01-10,4,Email,Service Reminder,33.21,853,20,1
2026-01-11,1,Google Ads,Search - Used Cars,195.01,8482,186,7
2026-01-11,1,Meta Ads,Leads - SUVs,212.03,9529,149,6
2026-01-11,1,TikTok,Leads - Shortform,136.59,13354,178,4
2026-01-11,1,Email,Seasonal Promo,57.45,1894,29,0
2026-01-11,2,Google Ads,Search - Used Cars,167.83,8086,213,8
2026-01-11,2,Meta Ads,Leads - SUVs,140.25,8435,132,5
2026-01-11,2,TikTok,Awareness - Video,106.12,8282,110,3
2026-01-11,2,Email,Service Reminder,43.38,1596,58,1
2026-01-11,3,Google Ads,Search - Used Cars,251.58,9593,235,11
2026-01-11,3,Meta Ads,Retargeting,156.5,13166,245,7
2026-01-11,3,TikTok,Awareness - Video,102.62,13951,138,5
2026-01-11,3,Email,Service Reminder,52.99,1336,45,1
2026-01-11,4,Google Ads,Search - Brand,141.35,4955,154,8
2026-01-11,4,Meta Ads,Leads - Offers,170.14,8014,113,3
2026-01-11,4,TikTok,Leads - Shortform,72.51,7403,89,2
2026-01-11,4,Email,Service Reminder,31.86,1068,46,1
2026-01-12,1,Google Ads,Search - Service,206.17,8069,295,15
2026-01-12,1,Meta Ads,Retargeting,138.06,9940,119,4
2026-01-12,1,TikTok,Awareness - Video,117.54,11673,99,3
2026-01-12,1,Email,Service Reminder,32.11,1332,31,1
2026-01-12,2,Google Ads,Search - Used Cars,169.3,5899,110,6
2026-01-12,2,Meta Ads,Leads - Offers,124.59,7101,106,3
2026-01-12,2,TikTok,Awareness - Video,115.46,7044,81,2
2026-01-12,2,Email,Seasonal Promo,29.73,1207,35,2
2026-01-12,3,Google Ads,Search - Used Cars,260.33,5660,108,4
2026-01-12,3,Meta Ads,Leads - Offers,187.14,7393,72,3
2026-01-12,3,TikTok,Leads - Shortform,87.61,10183,138,2
2026-01-12,3,Email,Service Reminder,45.9,1365,60,2
2026-01-12,4,Google Ads,Search - Used Cars,167.05,4630,144,6
2026-01-12,4,Meta Ads,Retargeting,112.68,7772,109,5
2026-01-12,4,TikTok,Leads - Shortform,67.19,6418,62,1
2026-01-12,4,Email,Seasonal Promo,23.64,1141,35,0
2026-01-13,1,Google Ads,Search - Brand,184.08,4804,140,5
2026-01-13,1,Meta Ads,Leads - SUVs,156.69,10383,169,8
2026-01-13,1,TikTok,Leads - Shortform,91.45,11548,88,2
2026-01-13,1,Email,Seasonal Promo,38.77,1265,20,0
2026-01-13,2,Google Ads,Search - Service,158.53,4327,162,10
2026-01-13,2,Meta Ads,Retargeting,145.64,9781,146,4
2026-01-13,2,TikTok,Awareness - Video,99.93,9763,97,3
2026-01-13,2,Email,Seasonal Promo,28.0,1068,36,0
2026-01-13,3,Google Ads,Search - Brand,204.13,5974,264,11
2026-01-13,3,Meta Ads,Leads - Offers,150.24,6783,94,3
2026-01-13,3,TikTok,Awareness - Video,98.89,8936,54,2
2026-01-13,3,Email,Seasonal Promo,36.79,1317,32,0
2026-01-13,4,Google Ads,Search - Used Cars,174.51,5617,238,12
2026-01-13,4,Meta Ads,Leads - Offers,101.18,7372,135,6
2026-01-13,4,TikTok,Awareness - Video,69.39,8933,104,3
2026-01-13,4,Email,Newsletter,36.01,912,19,0
2026-01-14,1,Google Ads,Search - Service,162.97,6826,124,6
2026-01-14,1,Meta Ads,Retargeting,188.82,9480,89,3
2026-01-14,1,TikTok,Leads - Shortform,85.83,12355,83,2
2026-01-14,1,Email,Newsletter,43.31,1278,56,2
2026-01-14,2,Google Ads,Search - Used Cars,174.36,5990,211,10
2026-01-14,2,Meta Ads,Leads - Offers,138.28,6793,71,3
2026-01-14,2,TikTok,Awareness - Video,109.56,9210,74,2
2026-01-14,2,Email,Service Reminder,34.55,1293,30,1
2026-01-14,3,Google Ads,Search - Used Cars,170.2,5279,142,7
2026-01-14,3,Meta Ads,Leads - SUVs,154.45,8562,109,5
2026-01-14,3,TikTok,Awareness - Video,100.42,13067,104,4
2026-01-14,3,Email,Seasonal Promo,37.19,1117,49,2
2026-01-14,4,Google Ads,Search - Used Cars,148.72,4778,103,6
2026-01-14,4,Meta Ads,Retargeting,130.44,5289,85,4
2026-01-14,4,TikTok,Awareness - Video,57.96,6323,48,1
2026-01-14,4,Email,Seasonal Promo,28.72,984,43,2
2026-01-15,1,Google Ads,Search - Brand,216.13,7396,263,11
2026-01-15,1,Meta Ads,Leads - Offers,116.46,8519,156,4
2026-01-15,1,TikTok,Leads - Shortform,83.22,9766,101,3
2026-01-15,1,Email,Service Reminder,29.56,1561,35,1
2026-01-15,2,Google Ads,Search - Service,161.33,4172,97,6
2026-01-15,2,Meta Ads,Retargeting,149.63,8297,94,3
2026-01-15,2,TikTok,Awareness - Video,77.84,10479,69,1
2026-01-15,2,Email,Seasonal Promo,29.44,1098,47,1
2026-01-15,3,Google Ads,Search - Service,184.19,6560,276,15
2026-01-15,3,Meta Ads,Leads - Offers,138.99,8620,118,5
2026-01-15,3,TikTok,Leads - Shortform,122.81,10064,63,2
2026-01-15,3,Email,Newsletter,42.9,1529,24,0
2026-01-15,4,Google Ads,Search - Service,179.18,4458,99,6
2026-01-15,4,Meta Ads,Retargeting,93.57,6634,78,2
2026-01-15,4,TikTok,Awareness - Video,70.69,5873,49,1
2026-01-15,4,Email,Service Reminder,29.0,873,34,0
2026-01-16,1,Google Ads,Search - Brand,219.03,6035,236,13
2026-01-16,1,Meta Ads,Leads - Offers,155.48,8586,84,3
2026-01-16,1,TikTok,Leads - Shortform,73.43,7336,54,2
2026-01-16,1,Email,Service Reminder,43.17,1470,36,0
2026-01-16,2,Google Ads,Search - Used Cars,189.93,6767,205,12
2026-01-16,2,Meta Ads,Leads - Offers,126.32,6567,92,4
2026-01-16,2,TikTok,Awareness - Video,81.8,9852,90,3
2026-01-16,2,Email,Seasonal Promo,35.28,1037,24,1
2026-01-16,3,Google Ads,Search - Brand,217.61,5908,112,7
2026-01-16,3,Meta Ads,Leads - SUVs,161.18,8607,111,4
2026-01-16,3,TikTok,Awareness - Video,82.4,8571,98,3
2026-01-16,3,Email,Service Reminder,42.0,1484,53,3
2026-01-16,4,Google Ads,Search - Brand,134.17,5363,118,7
2026-01-16,4,Meta Ads,Retargeting,115.4,7629,135,4
2026-01-16,4,TikTok,Awareness - Video,77.91,6307,74,2
2026-01-16,4,Email,Newsletter,25.9,1087,38,1
2026-01-17,1,Google Ads,Search - Service,166.01,8335,310,16
2026-01-17,1,Meta Ads,Retargeting,141.25,8284,137,6
2026-01-17,1,TikTok,Leads - Shortform,113.83,7891,78,2
2026-01-17,1,Email,Service Reminder,33.76,1446,35,1
2026-01-17,2,Google Ads,Search - Service,244.56,6440,208,11
2026-01-17,2,Meta Ads,Leads - SUVs,193.63,10674,178,9
2026-01-17,2,TikTok,Awareness - Video,96.21,10115,118,3
2026-01-17,2,Email,Seasonal Promo,45.65,1581,34,0
2026-01-17,3,Google Ads,Search - Service,220.5,8791,345,17
2026-01-17,3,Meta Ads,Retargeting,160.9,10927,177,8
2026-01-17,3,TikTok,Leads - Shortform,112.31,13954,128,2
2026-01-17,3,Email,Seasonal Promo,40.73,1560,47,0
2026-01-17,4,Google Ads,Search - Brand,144.19,5684,253,10
2026-01-17,4,Meta Ads,Leads - Offers,131.83,8473,107,5
2026-01-17,4,TikTok,Leads - Shortform,74.5,9203,115,2
2026-01-17,4,Email,Newsletter,33.08,1207,20,0
2026-01-18,1,Google Ads,Search - Brand,162.98,5499,159,7
2026-01-18,1,Meta Ads,Leads - SUVs,147.97,6467,125,4
2026-01-18,1,TikTok,Leads - Shortform,85.33,11212,130,3
2026-01-18,1,Email,Seasonal Promo,37.06,1606,24,0
2026-01-18,2,Google Ads,Search - Service,154.41,6241,201,10
2026-01-18,2,Meta Ads,Retargeting,186.47,6132,100,3
2026-01-18,2,TikTok,Awareness - Video,121.75,11345,139,5
2026-01-18,2,Email,Service Reminder,44.2,1565,66,2
2026-01-18,3,Google Ads,Search - Service,223.52,8082,200,11
2026-01-18,3,Meta Ads,Retargeting,206.82,7731,141,4
2026-01-18,3,TikTok,Awareness - Video,93.19,14187,134,2
2026-01-18,3,Email,Service Reminder,51.66,1279,26,1
2026-01-18,4,Google Ads,Search - Used Cars,185.05,5963,249,11
2026-01-18,4,Meta Ads,Leads - Offers,154.96,4787,86,3
2026-01-18,4,TikTok,Awareness - Video,77.45,6754,72,2
2026-01-18,4,Email,Newsletter,37.92,1090,23,0
2026-01-19,1,Google Ads,Search - Used Cars,167.93,5567,124,6
2026-01-19,1,Meta Ads,Retargeting,119.22,7153,95,4
2026-01-19,1,TikTok,Awareness - Video,90.3,11568,79,2
2026-01-19,1,Email,Seasonal Promo,41.28,1388,24,1
2026-01-19,2,Google Ads,Search - Brand,178.11,4922,113,6
2026-01-19,2,Meta Ads,Retargeting,104.77,7458,139,4
2026-01-19,2,TikTok,Leads - Shortform,72.73,9104,108,2
2026-01-19,2,Email,Seasonal Promo,38.05,1271,38,1
2026-01-19,3,Google Ads,Search - Brand,178.09,7610,150,7
2026-01-19,3,Meta Ads,Leads - SUVs,126.11,7859,154,8
2026-01-19,3,TikTok,Leads - Shortform,72.45,7167,45,1
2026-01-19,3,Email,Newsletter,46.61,1505,28,1
2026-01-19,4,Google Ads,Search - Service,144.91,4282,107,6
2026-01-19,4,Meta Ads,Leads - Offers,129.8,7253,122,6
2026-01-19,4,TikTok,Awareness - Video,52.51,6011,65,2
2026-01-19,4,Email,Newsletter,20.26,1076,47,2
2026-01-20,1,Google Ads,Search - Brand,221.27,6383,235,10
2026-01-20,1,Meta Ads,Leads - Offers,117.99,9153,151,6
2026-01-20,1,TikTok,Leads - Shortform,103.69,11150,108,2
2026-01-20,1,Email,Service Reminder,27.01,1324,22,0
2026-01-20,2,Google Ads,Search - Service,165.4,6139,125,8
2026-01-20,2,Meta Ads,Leads - SUVs,98.35,5261,95,4
2026-01-20,2,TikTok,Awareness - Video,79.2,6959,79,2
2026-01-20,2,Email,Seasonal Promo,40.34,1011,38,1
2026-01-20,3,Google Ads,Search - Service,235.23,4372,167,7
2026-01-20,3,Meta Ads,Leads - SUVs,185.52,7439,136,5
2026-01-20,3,TikTok,Awareness - Video,95.51,11412,86,2
2026-01-20,3,Email,Newsletter,42.1,1105,30,1
2026-01-20,4,Google Ads,Search - Used Cars,151.32,4315,125,7
2026-01-20,4,Meta Ads,Leads - Offers,83.72,4303,62,2
2026-01-20,4,TikTok,Awareness - Video,75.46,7233,55,1
2026-01-20,4,Email,Seasonal Promo,26.69,911,25,0
2026-01-21,1,Google Ads,Search - Used Cars,220.99,4459,112,6
2026-01-21,1,Meta Ads,Leads - Offers,166.48,6289,67,2
2026-01-21,1,TikTok,Leads - Shortform,97.64,10358,107,3
2026-01-21,1,Email,Newsletter,28.47,982,34,0
2026-01-21,2,Google Ads,Search - Used Cars,154.74,6039,187,12
2026-01-21,2,Meta Ads,Retargeting,112.49,6183,80,3
2026-01-21,2,TikTok,Leads - Shortform,68.3,8320,70,2
2026-01-21,2,Email,Seasonal Promo,24.24,903,37,1
2026-01-21,3,Google Ads,Search - Brand,231.58,5631,251,10
2026-01-21,3,Meta Ads,Leads - Offers,156.17,8721,135,6
2026-01-21,3,TikTok,Leads - Shortform,96.24,10377,78,2
2026-01-21,3,Email,Service Reminder,29.05,1370,27,0
2026-01-21,4,Google Ads,Search - Used Cars,119.4,3358,97,4
2026-01-21,4,Meta Ads,Leads - SUVs,90.54,5198,47,2
2026-01-21,4,TikTok,Awareness - Video,55.82,8180,58,1
2026-01-21,4,Email,Newsletter,26.43,1008,37,1
2026-01-22,1,Google Ads,Search - Brand,171.11,5427,199,9
2026-01-22,1,Meta Ads,Retargeting,111.76,6270,94,4
2026-01-22,1,TikTok,Awareness - Video,98.38,9455,129,4
2026-01-22,1,Email,Newsletter,40.0,989,32,1
2026-01-22,2,Google Ads,Search - Used Cars,170.25,6557,240,10
2026-01-22,2,Meta Ads,Retargeting,131.02,7781,121,6
2026-01-22,2,TikTok,Leads - Shortform,93.37,6857,72,1
2026-01-22,2,Email,Newsletter,31.02,1029,38,0
2026-01-22,3,Google Ads,Search - Used Cars,235.12,7498,296,14
2026-01-22,3,Meta Ads,Retargeting,173.62,8795,74,3
2026-01-22,3,TikTok,Awareness - Video,101.69,7538,95,2
2026-01-22,3,Email,Service Reminder,36.43,925,18,0
2026-01-22,4,Google Ads,Search - Used Cars,141.74,3986,139,5
2026-01-22,4,Meta Ads,Leads - SUVs,92.68,5078,60,2
2026-01-22,4,TikTok,Leads - Shortform,70.4,7975,57,2
2026-01-22,4,Email,Service Reminder,22.44,771,14,0
2026-01-23,1,Google Ads,Search - Service,189.57,6619,178,7
2026-01-23,1,Meta Ads,Leads - Offers,143.2,7913,69,3
2026-01-23,1,TikTok,Leads - Shortform,86.72,8995,81,2
2026-01-23,1,Email,Newsletter,31.25,1384,30,0
2026-01-23,2,Google Ads,Search - Brand,162.71,6158,275,15
2026-01-23,2,Meta Ads,Retargeting,142.21,8097,76,3
2026-01-23,2,TikTok,Leads - Shortform,82.31,6896,45,1
2026-01-23,2,Email,Service Reminder,28.24,854,25,0
2026-01-23,3,Google Ads,Search - Service,155.9,5702,174,7
2026-01-23,3,Meta Ads,Leads - SUVs,163.25,8939,96,4
2026-01-23,3,TikTok,Leads - Shortform,111.48,12015,129,2
2026-01-23,3,Email,Seasonal Promo,30.57,1032,19,0
2026-01-23,4,Google Ads,Search - Brand,114.35,4792,130,6
2026-01-23,4,Meta Ads,Leads - Offers,126.03,7196,63,2
2026-01-23,4,TikTok,Leads - Shortform,55.39,7811,101,2
2026-01-23,4,Email,Newsletter,26.09,1055,43,1
2026-01-24,1,Google Ads,Search - Brand,177.35,5577,248,10
2026-01-24,1,Meta Ads,Retargeting,162.25,6478,58,3
2026-01-24,1,TikTok,Awareness - Video,90.64,12901,100,1
2026-01-24,1,Email,Newsletter,44.03,1523,66,2
2026-01-24,2,Google Ads,Search - Brand,195.86,4453,149,7
2026-01-24,2,Meta Ads,Leads - SUVs,119.05,7175,64,2
2026-01-24,2,TikTok,Leads - Shortform,74.55,8240,91,3
2026-01-24,2,Email,Service Reminder,44.16,976,37,1
2026-01-24,3,Google Ads,Search - Brand,188.17,7481,135,5
2026-01-24,3,Meta Ads,Retargeting,128.93,6456,127,4
2026-01-24,3,TikTok,Leads - Shortform,93.81,13722,92,2
2026-01-24,3,Email,Newsletter,44.01,1469,22,0
2026-01-24,4,Google Ads,Search - Brand,124.47,3834,74,4
2026-01-24,4,Meta Ads,Leads - SUVs,105.88,7631,111,4
2026-01-24,4,TikTok,Awareness - Video,80.9,6555,68,2
2026-01-24,4,Email,Service Reminder,32.93,965,25,1
2026-01-25,1,Google Ads,Search - Service,209.1,7302,135,7
2026-01-25,1,Meta Ads,Leads - SUVs,167.61,8821,162,8
2026-01-25,1,TikTok,Awareness - Video,94.77,9044,91,2
2026-01-25,1,Email,Newsletter,38.84,1563,34,1
2026-01-25,2,Google Ads,Search - Used Cars,169.12,4391,153,6
2026-01-25,2,Meta Ads,Retargeting,135.44,8628,96,3
2026-01-25,2,TikTok,Leads - Shortform,90.22,11339,129,3
2026-01-25,2,Email,Newsletter,30.42,1235,50,1
2026-01-25,3,Google Ads,Search - Service,267.4,6630,211,10
2026-01-25,3,Meta Ads,Leads - SUVs,133.6,11682,148,5
2026-01-25,3,TikTok,Awareness - Video,87.7,7868,81,2
2026-01-25,3,Email,Newsletter,48.64,1096,17,0
2026-01-25,4,Google Ads,Search - Brand,147.48,4844,89,3
2026-01-25,4,Meta Ads,Leads - SUVs,98.95,8111,117,3
2026-01-25,4,TikTok,Awareness - Video,69.26,9995,92,3
2026-01-25,4,Email,Newsletter,36.03,1098,16,0
2026-01-26,1,Google Ads,Search - Brand,194.97,5067,194,13
2026-01-26,1,Meta Ads,Leads - SUVs,159.02,9538,173,6
2026-01-26,1,TikTok,Awareness - Video,104.88,6892,89,2
2026-01-26,1,Email,Service Reminder,35.82,913,32,0
2026-01-26,2,Google Ads,Search - Used Cars,172.29,4403,114,5
2026-01-26,2,Meta Ads,Retargeting,116.61,6700,111,3
2026-01-26,2,TikTok,Awareness - Video,75.84,7751,70,2
2026-01-26,2,Email,Service Reminder,40.58,938,35,1
2026-01-26,3,Google Ads,Search - Used Cars,149.39,6616,229,12
2026-01-26,3,Meta Ads,Retargeting,128.2,8446,75,3
2026-01-26,3,TikTok,Leads - Shortform,86.5,7419,93,3
2026-01-26,3,Email,Service Reminder,37.39,1147,36,0
2026-01-26,4,Google Ads,Search - Brand,147.22,3320,136,6
2026-01-26,4,Meta Ads,Leads - Offers,114.36,6054,102,3
2026-01-26,4,TikTok,Awareness - Video,59.97,6469,57,1
2026-01-26,4,Email,Seasonal Promo,29.05,861,27,1
2026-01-27,1,Google Ads,Search - Service,146.33,6312,269,18
2026-01-27,1,Meta Ads,Retargeting,175.05,10011,124,4
2026-01-27,1,TikTok,Awareness - Video,95.59,7245,70,1
2026-01-27,1,Email,Service Reminder,42.9,1415,51,2
2026-01-27,2,Google Ads,Search - Brand,161.61,4993,202,11
2026-01-27,2,Meta Ads,Leads - SUVs,113.88,8356,137,6
2026-01-27,2,TikTok,Awareness - Video,102.61,7856,76,2
2026-01-27,2,Email,Newsletter,34.55,916,22,0
2026-01-27,3,Google Ads,Search - Used Cars,227.43,7016,357,22
2026-01-27,3,Meta Ads,Retargeting,174.18,8430,180,4
2026-01-27,3,TikTok,Awareness - Video,87.54,12674,82,1
2026-01-27,3,Email,Service Reminder,42.37,1289,26,1
2026-01-27,4,Google Ads,Search - Used Cars,141.78,5042,199,11
2026-01-27,4,Meta Ads,Leads - Offers,88.68,5794,120,4
2026-01-27,4,TikTok,Awareness - Video,81.62,7775,107,3
2026-01-27,4,Email,Service Reminder,26.97,696,20,0
2026-01-28,1,Google Ads,Search - Brand,233.35,4733,118,6
2026-01-28,1,Meta Ads,Leads - Offers,136.65,9483,103,6
2026-01-28,1,TikTok,Awareness - Video,84.71,10480,97,3
2026-01-28,1,Email,Service Reminder,31.88,1258,32,1
2026-01-28,2,Google Ads,Search - Used Cars,143.02,4300,116,6
2026-01-28,2,Meta Ads,Leads - Offers,155.35,8690,136,6
2026-01-28,2,TikTok,Awareness - Video,100.33,9600,90,2
2026-01-28,2,Email,Seasonal Promo,34.52,1239,50,1
2026-01-28,3,Google Ads,Search - Used Cars,225.72,7391,225,12
2026-01-28,3,Meta Ads,Leads - Offers,182.43,6110,135,4
2026-01-28,3,TikTok,Leads - Shortform,121.32,11940,73,1
2026-01-28,3,Email,Service Reminder,45.82,1333,44,1
2026-01-28,4,Google Ads,Search - Used Cars,119.7,3732,129,7
2026-01-28,4,Meta Ads,Retargeting,97.17,7021,80,3
2026-01-28,4,TikTok,Awareness - Video,58.22,8861,106,3
2026-01-28,4,Email,Service Reminder,23.04,799,31,0
2026-01-29,1,Google Ads,Search - Service,197.51,5407,172,8
2026-01-29,1,Meta Ads,Leads - SUVs,165.72,5820,94,4
2026-01-29,1,TikTok,Leads - Shortform,115.2,10130,88,2
2026-01-29,1,Email,Newsletter,42.73,1326,50,2
2026-01-29,2,Google Ads,Search - Brand,197.34,4303,143,5
2026-01-29,2,Meta Ads,Leads - Offers,160.2,6132,120,3
2026-01-29,2,TikTok,Leads - Shortform,89.26,6249,85,2
2026-01-29,2,Email,Newsletter,29.42,1380,24,0
2026-01-29,3,Google Ads,Search - Brand,222.13,4958,181,10
2026-01-29,3,Meta Ads,Retargeting,151.2,8786,119,3
2026-01-29,3,TikTok,Leads - Shortform,120.77,12058,146,4
2026-01-29,3,Email,Service Reminder,39.11,983,18,0
2026-01-29,4,Google Ads,Search - Service,164.52,4248,121,7
2026-01-29,4,Meta Ads,Retargeting,130.0,6388,67,3
2026-01-29,4,TikTok,Awareness - Video,70.21,5419,69,1
2026-01-29,4,Email,Seasonal Promo,23.97,730,27,1
